id	title	tags	category	file
ls-K9AuOI2A	My 4 Step Retrospective	retrospective,facilitation,scrum,agile-coaching,achievement-posters,starfish,retro-wheel	Retro Format	videos/carsten-lutzen/CL_001_my-4-step-retrospective.md
LnL4tXonsw8	Why do retrospectives feel like a waste of time?	retrospective,facilitation,format-fatigue,15-percent-solutions,solution-focused,liberating-structures,1-2-4-all	Facilitator Craft	videos/carsten-lutzen/CL_002_why-do-retrospectives-feel-like-a-waste-of-time.md
gBK6ueOqv3s	Talking Behind Peoples Back...	energizer,positive-gossip,talking-behind-peoples-back,feed-forward,alignment,expectation-setting,appreciation	Facilitation Method	videos/carsten-lutzen/CL_003_talking-behind-peoples-back.md
UOIKi5tC9Wg	\"Meeting Reset\" with Carsten Lützen	meeting-reset,check-in,facilitation,timeboxing,alignment,round-robin,workshop-design		videos/carsten-lutzen/CL_004_meeting-reset-with-carsten-lützen.md
U8ijE34YVsw	Why do people stay silent in meetings, even when they disagree?	bystander-effect,diffusion-of-responsibility,silence,meeting-facilitation,group-dynamics,psychological-safety,1-2-4-all		videos/carsten-lutzen/CL_005_why-do-people-stay-silent-in-meetings-even-when-they-disagre.md
spAazxYIHMI	\"Sentiment Mapping\" as a group	sentiment-mapping,retrospective,after-action-review,timeline,1-2-4-all,facilitation,agile-coaching		videos/carsten-lutzen/CL_006_sentiment-mapping-as-a-group.md
P_yJ3iagU0c	Stealing Ideas from the Shower	shower-thoughts,creative-problem-solving,diffuse-thinking,knowledge-work,walking,running,slack-time		videos/carsten-lutzen/CL_007_stealing-ideas-from-the-shower.md
gYXGGEWIFSs	Best Hopes for Our Family - Part 3	goal-setting,family,sticky-notes,okrs,personal-agile,visual-management,clustering		videos/carsten-lutzen/CL_008_best-hopes-for-our-family-part-3-with-carsten-lützen.md
iY60kh44x3w	\"My Intervention Checklist\" with Carsten Lützen	intervention,facilitation,coaching,ownership,silence,ego,group-dynamics		videos/carsten-lutzen/CL_009_my-intervention-checklist-with-carsten-lützen.md
H2Rvk5UVRT8	\"ELMO\" with Carsten Lützen	elmo,enough-lets-move-on,facilitation,meeting-management,session-rules,parking-lot,best-hopes		videos/carsten-lutzen/CL_010_elmo-with-carsten-lützen.md
94FCMrsxwH8	COIN" with Carsten Lützen	coin-model,feedback,constructive-feedback,observation,impact,context,next-steps		videos/carsten-lutzen/CL_011_coin-with-carsten-lützen.md
Cl8LlfoZWPc	\"Merry Christmas\" with Carsten Lützen	holiday,community,reflection,year-in-review,experimentation,feedback-loop		videos/carsten-lutzen/CL_012_merry-christmas-with-carsten-lützen.md
WBlrlM9pUrI	\"The Spotlight Effect\" with Carsten Lützen	spotlight-effect,cognitive-bias,psychological-safety,facilitation,nervousness,1-2-4-all,liberating-structures		videos/carsten-lutzen/CL_013_the-spotlight-effect-with-carsten-lützen.md
8r7gKlFpYXA	\"Santa's Nice List\" with Carsten Lützen	santas-nice-list,retrospective,team-celebration,year-end,1-2-4-all,appreciations,solution-focused	Retro Format	videos/carsten-lutzen/CL_025_santas-nice-list-with-carsten-lützen.md
RKaCYr5qM64	\"Faces & Emotions\" with Carsten Lützen	visual-facilitation,drawing,faces,emotions,sketching,matrix-method,visual-thinking	Facilitator Craft	videos/carsten-lutzen/CL_026_faces-emotions-with-carsten-lützen.md
NMScN6zQFlA	My Kit - Facilitation Box" with Carsten Lützen	facilitation-kit,workshop-materials,sticky-notes,dot-voting,flip-chart,painters-tape,props	Facilitator Craft	videos/carsten-lutzen/CL_027_my-kit-facilitation-box-with-carsten-lützen.md
Wt1X7XhkX8Q	Folding Spectogram" with Carsten Lützen	folding-spectrogram,spectrogram,energizer,liberating-structures,workshop-design,facilitation,impromptu-networking	Facilitation Method	videos/carsten-lutzen/CL_028_folding-spectogram-with-carsten-lützen.md
MKt4LVksJlY	\"7 Year Anniversary\" with Carsten Lützen	anniversary,reflection,content-creation,youtube,linkedin,metrics,learning	Personal	videos/carsten-lutzen/CL_029_7-year-anniversary-with-carsten-lützen.md
GrpunaqukzA	Negative Capability: The Hardest Facilitation Skill	negative-capability,facilitation,silence,ambiguity,holding-space,intervention,liberating-structures	Facilitator Craft	videos/carsten-lutzen/CL_030_negative-capability-the-hardest-facilitation-skill.md
N05Cg3m4qJY	\"Christmas Tree\" with Carsten Lützen	christmas-tree,retrospective,end-of-year,team-celebration,sticky-notes,energizer,appreciation	Retro Format	videos/carsten-lutzen/CL_031_christmas-tree-with-carsten-lützen.md
FUxVD7_0ASM	\"Alone or Left out?\" with Carsten Lützen	exclusion,inclusion,solitude,psychological-safety,group-formation,icebreakers,silence	Concept	videos/carsten-lutzen/CL_032_alone-or-left-out-with-carsten-lützen.md
j48hUBrrvgk	Personal Purpose" with Carsten Lützen	personal-purpose,purpose,ikigai,liberating-structures,coaching,burnout,prioritization	Facilitation Method	videos/carsten-lutzen/CL_033_personal-purpose-with-carsten-lützen.md
RIfgv58jo7k	\"The Observer Effect\" with Carsten Lützen	observer-effect,facilitation,coaching,presence,positioning,performative-behavior,self-observation	Concept	videos/carsten-lutzen/CL_034_the-observer-effect-with-carsten-lützen.md
f0dlWSyFW2I	\"To be, or not to be... Coachable\" with Carsten Lützen	coachability,coaching,feedback,self-reflection,growth-mindset,agile-coaching,experimentation	Coaching Technique	videos/carsten-lutzen/CL_035_to-be-or-not-to-be-coachable-with-carsten-lützen.md
VZdFL0F0GaM	No Prep, No Problem" with Carsten Lützen	liberating-structures,no-prep,facilitation,1-2-4-all,impromptu-networking,what-so-what-now-what,triz	Facilitator Craft	videos/carsten-lutzen/CL_036_no-prep-no-problem-with-carsten-lützen.md
UAiMh-IRrXQ	\"Done Work Jar\" with Carsten Lützen	done-work-jar,transparency,work-visualization,gamification,team-ritual,throughput,velocity	Agile & Product	videos/carsten-lutzen/CL_037_done-work-jar-with-carsten-lützen.md
CvYUv0UTlE8	\"Special Day\" with Carsten Lützen	personal-milestone,agile-coaching,scrum-master,career-journey,lego-group,professional-coach,reflection	Personal	videos/carsten-lutzen/CL_038_special-day-with-carsten-lützen.md
0KzkllGuKpQ	\"Stress\" with Carsten Lützen	stress,self-awareness,symptoms,root-cause,nine-whys,psychological-safety,coaching	Concept	videos/carsten-lutzen/CL_039_stress-with-carsten-lützen.md
CBjSFwqHpwQ	\"Change vs Transformation\" with Carsten Lützen	change,transformation,change-management,organizational-change,scrum-master,agile-coaching,product-organization	Concept	videos/carsten-lutzen/CL_040_change-vs-transformation-with-carsten-lützen.md
Wtslyxr9Hxw	Backlog Perspectives" with Carsten Lützen	personal-kanban,ecocycle-planning,liberating-structures,backlog-management,prioritization,self-organization,focus	Facilitation Method	videos/carsten-lutzen/CL_041_backlog-perspectives-with-carsten-lützen.md
r_hM1bNeJIs	\"Credibility as a Facilitator\" with Carsten Lützen	facilitator-credibility,facilitation,body-language,neutrality,trust,competence,energizers	Facilitator Craft	videos/carsten-lutzen/CL_042_credibility-as-a-facilitator-with-carsten-lützen.md
y4wnVTlNiGc	\"If x was a language\" with Carsten Lützen	icebreaker,training-opener,self-assessment,skill-level,sticky-notes,best-hopes,agile-training	Facilitation Method	videos/carsten-lutzen/CL_043_if-x-was-a-language-with-carsten-lützen.md
ldWqoYiPYBg	\"The 90-9-1 Rule\" with Carsten Lützen	90-9-1-rule,participation,lurking,psychological-safety,hierarchy,cognitive-load,liberating-structures	Concept	videos/carsten-lutzen/CL_044_the-90-9-1-rule-with-carsten-lützen.md
rxhR64WzlmQ	\"Cognitive Load\" with Carsten Lützen	cognitive-load,facilitation,meeting-design,information-flow,async-prep,silence,chunking	Concept	videos/carsten-lutzen/CL_045_cognitive-load-with-carsten-lützen.md
sITAD8dg02c	\"Backchanneling\" with Carsten Lützen	backchanneling,active-listening,coaching,nonverbal-communication,paraphrasing,mirroring,reflective-questions	Facilitator Craft	videos/carsten-lutzen/CL_046_backchanneling-with-carsten-lützen.md
9tJeSBK6weU	Tip for KR validation" with Carsten Lützen	okr,key-results,validation,objectives,kr-validation,not-test,agile-coaching	Agile & Product	videos/carsten-lutzen/CL_047_tip-for-kr-validation-with-carsten-lützen.md
9rXeHiIUdXE	\"The IKEA Effect\" with Carsten Lützen	ikea-effect,cognitive-bias,co-creation,ownership,commitment,facilitation,workshop-design	Concept	videos/carsten-lutzen/CL_048_the-ikea-effect-with-carsten-lützen.md
hggouxu5NRQ	\"Safe-to-fail vs Fail-safe\" with Carsten Lützen	safe-to-fail,fail-safe,product-development,psychological-safety,learning-culture,incremental-development,agile-coaching	Concept	videos/carsten-lutzen/CL_049_safe-to-fail-vs-fail-safe-with-carsten-lützen.md
aWbZEhLfDbg	Three Intrinsic Motivators	intrinsic-motivation,dan-pink,drive,purpose,mastery,autonomy,team-dynamics	Concept	videos/carsten-lutzen/CL_050_three-intrinsic-motivators-with-carsten-lützen.md
zmr_r3Y_x4Q	Functional vs Non Functional Requirements	functional-requirements,non-functional-requirements,product-development,user-stories,acceptance-criteria,refinement,backlog	Agile & Product	videos/carsten-lutzen/CL_051_functional-vs-non-functional-requirements-with-carsten-lütze.md
LvLK66nYLEA	\"Altitude\" with Carsten Lützen	altitude,paper-plane,meeting-facilitation,conversation-levels,dot-voting,liberating-structures,one-two-four-all	Facilitation Method	videos/carsten-lutzen/CL_052_altitude-with-carsten-lützen.md
_nH6h0jkjx4	\"Empathy Map\" with Carsten Lützen	empathy-map,user-research,design-thinking,persona,stakeholder-understanding,canvas,workshop-tool	Facilitation Method	videos/carsten-lutzen/CL_053_empathy-map-with-carsten-lützen.md
TkXyvhBxAF8	Coat of Arms" with Carsten Lützen	coat-of-arms,icebreaker,team-introductions,getting-to-know-you,user-manual,psychological-safety,visual-facilitation	Facilitation Method	videos/carsten-lutzen/CL_054_coat-of-arms-with-carsten-lützen.md
ezIAdZzsDik	\"Best Hopes for Our Family - Part 2\" with Carsten Lützen	best-hopes,retrospective,goal-setting,family-facilitation,visual-management,follow-up,new-year-planning	Facilitation Method	videos/carsten-lutzen/CL_055_best-hopes-for-our-family-part-2-with-carsten-lützen.md
7Tp2sR0o_X4	\"Team Alliance\" with Carsten Lützen	team-alliance,workshop-opening,contracting,group-norms,solution-focus,1-2-4-all,liberating-structures	Facilitation Method	videos/carsten-lutzen/CL_056_team-alliance-with-carsten-lützen.md
fVUvZ9i0CvM	\"Boxing Day\" with Carsten Lützen	feedback,peer-feedback,retrospective,team-building,holiday,festive,continuous-feedback	Feedback	videos/carsten-lutzen/CL_057_boxing-day-with-carsten-lützen.md
trws_ZLWH3c	\"Worst Next Year\" with Carsten Lützen	worst-next-year,retrospective,year-end,goal-setting,liberating-structures,triz,facilitation	Retro Format	videos/carsten-lutzen/CL_058_worst-next-year-with-carsten-lützen.md
d-q9GrGG_PM	\"Two Percent Truth\" with Carsten Lützen	feedback,two-percent-truth,receiving-feedback,defensive-reactions,self-awareness,coaching,feedback-as-gift	Feedback	videos/carsten-lutzen/CL_059_two-percent-truth-with-carsten-lützen.md
kcRGitFXSyg	\"Impediment Bashing\" with Carsten Lützen	impediment-removal,kanban,visual-management,scrum-master,agile-coaching,transparency,team-support	Agile & Product	videos/carsten-lutzen/CL_060_impediment-bashing-with-carsten-lützen.md
j73NjBoTORY	My top 3 facilitation fails" with Carsten Lützen	facilitation-fails,liberating-structures,back-to-back-listening,law-of-two-feet,open-space,ego,alignment	Facilitator Craft	videos/carsten-lutzen/CL_061_my-top-3-facilitation-fails-with-carsten-lützen.md
KBzwo7QnxQw	\"We Predict\" with Carsten Lützen	we-predict,expectation-setting,engagement,1-2-4-all,liberating-structures,workshop-opening,predictions	Facilitation Method	videos/carsten-lutzen/CL_062_we-predict-with-carsten-lützen.md
VPDkRTLC6Lg	Attention Bias" with Carsten Lützen	attention-bias,inattentional-blindness,cognitive-bias,retrospective,facilitation,liberating-structures,psychological-safety	Concept	videos/carsten-lutzen/CL_063_attention-bias-with-carsten-lützen.md
xyvhSjVaa5c	\"Tiny Demons\" with Carsten Lützen	tiny-demons,liberating-structures,fears,anxieties,drawing,monsters,icebreaker	Facilitation Method	videos/carsten-lutzen/CL_064_tiny-demons-with-carsten-lützen.md
DF-33SdqLSU	Watermelon" with Carsten Lützen	watermelon,watermelon-reporting,watermelon-retrospective,metaphor,retrospective,status-reporting,project-reporting	Retro Format	videos/carsten-lutzen/CL_065_watermelon-with-carsten-lützen.md
tg1qbAlnjj4	\"Agreement & Certainty Matrix\" with Carsten Lützen	agreement-certainty-matrix,stacey-matrix,liberating-structures,sensemaking,complexity,retrospective,team-alignment	Concept	videos/carsten-lutzen/CL_066_agreement-certainty-matrix-with-carsten-lützen.md
XRxfHAsnU6w	\"Three Needs of a Group\" with Carsten Lützen	three-needs-of-a-group,facilitation,group-dynamics,process,content,relations,psychological-safety	Concept	videos/carsten-lutzen/CL_067_three-needs-of-a-group-with-carsten-lützen.md
WdOGvR3t4zc	\"Metaphors\" with Carsten Lützen	metaphors,facilitation,retrospective,clean-language,sailboat-retro,team-ownership,analogies	Facilitator Craft	videos/carsten-lutzen/CL_068_metaphors-with-carsten-lützen.md
86kKPGYTcLI	Clarification Canvas for Facilitation" with Carsten Lützen	clarification-canvas,facilitation-planning,workshop-design,sponsor-alignment,outcomes,facilitation-contract,pre-workshop	Facilitator Craft	videos/carsten-lutzen/CL_069_clarification-canvas-for-facilitation-with-carsten-lützen.md
lemL5csoB0A	\"I am..., but I am not ...\" with Carsten Lützen	energizer,icebreaker,inclusion,diversity,stereotypes,identity,psychological-safety	Energizer	videos/carsten-lutzen/CL_070_i-am-bit-i-am-not-with-carsten-lützen.md
OQribH86PNs	Generative Relationships" with Carsten Lützen	generative-relationships,star-star,liberating-structures,team-dynamics,facilitation,workshop-design,retrospective	Facilitation Method	videos/carsten-lutzen/CL_071_generative-relationships-with-carsten-lützen.md
IIcF1jqzQVE	Design Storyboard" with Carsten Lützen	design-storyboard,liberating-structures,workshop-design,facilitation,agenda-design,meeting-preparation,workshop-preparation	Facilitator Craft	videos/carsten-lutzen/CL_072_design-storyboard-with-carsten-lützen.md
rZGGVhT6vJk	Brainbox Episode 5 - Create a Metaphor for a Happy Team	visual-thinking,sketchnoting,metaphor,team,drawing-exercise,creativity,facilitation	Facilitator Craft	videos/carsten-lutzen/CL_073_brainbox-episode-5-create-a-metaphor-for-a-happy-team.md
dSoTQfHcHlU	Discovery & Action Dialogue (Liberating Structure)" with Carsten Lützen	discovery-and-action-dialogue,liberating-structures,problem-solving,solution-focused,facilitation,workshop-design,volunteers	Facilitation Method	videos/carsten-lutzen/CL_074_discovery-action-dialogue-liberating-structure-with-carsten-.md
jhvw-WoJLR0	6 Year YouTube Anniversary	agile-coaching,scrum-master,facilitation,graphical-facilitation,flip-chart,icf-certification,professional-development	Personal	videos/carsten-lutzen/CL_075_6-year-youtube-anniversary-with-carsten-lützen.md
tGxQeTdKY9s	\"Levels of Intervention\" with Carsten Lützen	levels-of-intervention,facilitation,coaching,listening,open-questions,closed-questions,agile-coaching	Facilitator Craft	videos/carsten-lutzen/CL_076_levels-of-intervention-with-carsten-lützen.md
2KDVzjN-89A	Limiting Beliefs" with Carsten Lützen	limiting-beliefs,positive-affirmations,self-awareness,team-dynamics,retrospective,agile-coaching,growth-mindset	Concept	videos/carsten-lutzen/CL_077_limiting-beliefs-with-carsten-lützen.md
IztR9Xghmso	Critical Thinking" with Carsten Lützen	critical-thinking,agile-coaching,facilitation,retrospective,decision-making,problem-solving,communication	Concept	videos/carsten-lutzen/CL_078_critical-thinking-with-carsten-lützen.md
WgLQqb7drx8	Simplicity in Drawing" with Carsten Lützen	visual-facilitation,graphic-facilitation,drawing,icons,simplicity,visual-thinking,facilitation-tools	Facilitator Craft	videos/carsten-lutzen/CL_079_simplicity-in-drawing-with-carsten-lützen.md
HK_BoALpTVU	\"Dot Voting\" with Carsten Lützen	dot-voting,voting,prioritization,retrospective,workshop-facilitation,heat-map,bandwagon-effect	Facilitation Method	videos/carsten-lutzen/CL_080_dot-voting-with-carsten-lützen.md
KJV_lGqsfkQ	\"My Default Retro\" with Carsten Lützen	retrospective,facilitation,scrum,agile-coaching,silent-drawing,achievement-posters,retro-wheel	Retro Format	videos/carsten-lutzen/CL_081_my-default-retro-with-carsten-lützen.md
73Jf4i8GO2Y	\"Pen Nibs\" with Carsten Lützen	pen-nibs,flip-chart,visual-facilitation,markers,writing,drawing,facilitation-tools	Facilitator Craft	videos/carsten-lutzen/CL_082_pen-nibs-with-carsten-lützen.md
0LJs4V-QPMw	Jokes in Facilitation" with Carsten Lützen	humor,dad-jokes,facilitation,rapport-building,psychological-safety,engagement,creativity	Facilitator Craft	videos/carsten-lutzen/CL_083_jokes-in-facilitation-with-carsten-lützen.md
yAej1hE4VkI	Self-Determination Theory" with Carsten Lützen	self-determination-theory,motivation,autonomy,competence,relatedness,intrinsic-motivation,team-dynamics	Concept	videos/carsten-lutzen/CL_084_self-determination-theory-with-carsten-lützen.md
bBBFLRYGUkA	Brain Box Episode 4	visual-thinking,sketchnoting,drawing,creativity,brainstorming,timed-exercise,visual-facilitation	Facilitator Craft	videos/carsten-lutzen/CL_085_brain-box-episode-4.md
pshoNfC_RGA	ICE Score" with Carsten Lützen	ice-score,prioritization,backlog-refinement,product-management,scoring,estimation,agile	Agile & Product	videos/carsten-lutzen/CL_086_ice-score-with-carsten-lützen.md
lvZg9r7qE9E	Minimum Viable Preparation" with Carsten Lützen	minimum-viable-preparation,facilitation,workshop-design,liberating-structures,co-facilitation,pivoting,string-of-exercises	Facilitator Craft	videos/carsten-lutzen/CL_087_minimum-viable-preparation-with-carsten-lützen.md
1WZoLwEnlhg	\"Psychological Safety\" with Carsten Lützen	psychological-safety,team-culture,agile-coaching,safety-model,constructive-dissent,consensus-culture,hostile-culture	Concept	videos/carsten-lutzen/CL_088_psychological-safety-with-carsten-lützen.md
zsyPZwqz1qQ	\"Cross Functional\" with Carsten Lützen	cross-functional,cross-functional-teams,t-shaped,team-structure,agile-teams,working-group,skill-diversity	Agile & Product	videos/carsten-lutzen/CL_089_cross-functional-with-carsten-lützen.md
IdDHqEpbRDY	Infectious Behaviours	infectious-behaviour,viral-change,storytelling,narrative,role-modelling,change-management,agile-coaching	Concept	videos/carsten-lutzen/CL_090_infectious-behaviours.md
BQhHCY9u9hI	Brain Box Episode 3: 7-Minute Graphic Illustration Challenge ft. Paddy Dhanda	visual-thinking,sketchnoting,graphic-facilitation,drawing-challenge,timed-exercise,visual-vocabulary,creative-warm-up	Facilitator Craft	videos/carsten-lutzen/CL_091_brain-box-episode-3-7-minute-graphic-illustration-challenge-.md
-V1xldH_Ql0	'"Positive Gossip" with Carsten Lützen'	positive-gossip,liberating-structures,impromptu-networking,what-so-what-now-what,triads,positive-feedback,psychological-safety	Feedback	videos/carsten-lutzen/CL_092_positive-gossip-with-carsten-lützen.md
j8yvcfM096Q	Caravan" by Carsten Lützen	caravan,liberating-structures,wise-crowds,shift-and-share,round-robin,problem-solving,peer-consultation	Facilitation Method	videos/carsten-lutzen/CL_093_caravan-by-carsten-lützen.md
uAVtF7qTytc	\"Three Word Stories\" with Carsten Lützen	three-word-stories,energizer,creativity-workout,icebreaker,creative-thinking,team-engagement,brainstorming	Energizer	videos/carsten-lutzen/CL_094_three-word-stories-with-carsten-lützen.md
rONNdxX18J0	Feedback-Back" with Carsten Lützen	feedback,appreciative-feedback,retrospective,team-activity,sticky-notes,icebreaker,positive-feedback	Feedback	videos/carsten-lutzen/CL_095_feedback-back-with-carsten-lützen.md
CFpI_KoF4Vk	ROTI" with Carsten Lützen	roti,return-on-time-invested,meeting-feedback,fist-of-five,quick-check,retrospective,facilitation	Facilitation Method	videos/carsten-lutzen/CL_096_roti-with-carsten-lützen.md
hTstdGSvaLM	\"People vs  Product\" with Carsten Lützen	psychological-safety,people-over-product,team-dynamics,retrospective,sustainable-pace,vulnerability,team-health	Concept	videos/carsten-lutzen/CL_097_people-vs-product-with-carsten-lützen.md
7Z-FGpV7rp8	\"Human Knot\" with Carsten Lützen	human-knot,energizer,icebreaker,empowerment,self-organization,decision-making,team-dynamics	Energizer	videos/carsten-lutzen/CL_098_human-knot-with-carsten-lützen.md
ZpRc1BoSKsk	\"Constraints\" with Carsten Lützen	constraints,enabling-constraints,governing-constraints,cynefin,dave-snowden,complex-systems,agile-coaching	Concept	videos/carsten-lutzen/CL_099_constraints-with-carsten-lützen.md
XYtPgC06wYM	Brain Box - Episode 2 with Special guest: Paddy Dhanda	visual-thinking,sketching,time-boxing,team-goals,drawing-prompts,visual-facilitation,brainstorming	Facilitator Craft	videos/carsten-lutzen/CL_100_brain-box-episode-2-with-special-guest-paddy-dhanda.md
P-Bjx5pdZ4g	Four Positions for a Host Leader" with Carsten Lützen	host-leadership,facilitation,leadership,liberating-structures,workshop-design,facilitator-roles,presence	Facilitator Craft	videos/carsten-lutzen/CL_101_four-positions-for-a-host-leader-with-carsten-lützen.md
6SSmrJaQiy0	Conflicts in Teams" with Carsten Lützen	conflict,team-dynamics,psychological-safety,constructive-conflict,destructive-conflict,superficial-harmony,conflict-staircase	Concept	videos/carsten-lutzen/CL_102_conflicts-in-teams-with-carsten-lützen.md
dfw6yFAj9KI	\"Standing and Singing\" with Carsten Lützen	energizer,icebreaker,standing,singing,movement,workshop,engagement	Energizer	videos/carsten-lutzen/CL_103_standing-and-singing-with-carsten-lützen.md
epRpKkvbmak	\"Best Hopes for Our Family\" with Carsten Lützen	family-goals,goal-setting,1-2-4-all,retrospective,liberating-structures,sticky-notes,personal-agile	Facilitation Method	videos/carsten-lutzen/CL_104_best-hopes-for-our-family-with-carsten-lützen.md
qIDAvICxi04	Pyt-button" with Carsten Lützen	pyt-button,self-compassion,resilience,overthinking,mental-health,facilitation-mindset,agile-coaching	Personal	videos/carsten-lutzen/CL_105_pyt-button-with-carsten-lützen.md
qzH83TSQUBQ	\"The Janitor\" with Carsten Lützen	agile-coaching,scrum-master,identity,metaphor,elevator-pitch,role-definition,servant-leadership	Personal	videos/carsten-lutzen/CL_106_the-janitor-with-carsten-lützen.md
i3jp4UuwcOY	Mobius Loop / Discovery-Delivery Loop" with Carsten Lützen	mobius-loop,discovery-delivery-loop,dual-track-agile,product-discovery,product-delivery,prototyping,feedback-loops	Agile & Product	videos/carsten-lutzen/CL_107_mobius-loop-discovery-delivery-loop-with-carsten-lützen.md
jjqWeovoCqU	\"Dual Track Development\" with Carsten Lützen	dual-track-development,dual-track-agile,product-discovery,prototyping,iterative-development,scrum,agile	Agile & Product	videos/carsten-lutzen/CL_108_dual-track-development-with-carsten-lützen.md
_l2ESVVNYg4	\"Ladder of Inference\" with Carsten Lützen	ladder-of-inference,mental-model,critical-thinking,assumptions,data-interpretation,conclusions,beliefs	Concept	videos/carsten-lutzen/CL_109_ladder-of-inference-with-carsten-lützen.md
l-0H6D3YY1E	\"Tall Plank Game\" with Carsten Lützen	energizer,physical-activity,icebreaker,tall-plank-game,warm-up,in-person,pairs	Energizer	videos/carsten-lutzen/CL_110_tall-plank-game-with-carsten-lützen.md
FOn7pL4ns1c	Instigator" with Carsten Lützen	energizer,icebreaker,movement,group-game,physical-activity,detective,circle-game	Energizer	videos/carsten-lutzen/CL_111_instigator-with-carsten-lützen.md
o5r6vFbAXyA	Soft Shoe Shuffle" with Carsten Lützen	soft-shoe-shuffle,group-discussion,brainstorming,physical-voting,open-space,spectrum-exercise,facilitation	Facilitation Method	videos/carsten-lutzen/CL_112_soft-shoe-shuffle-with-carsten-lützen.md
2O3La79zJxY	Christmas Cards - Part 2	appreciation,recognition,team-culture,year-end,gratitude,handwritten,personal-gesture	Personal	videos/carsten-lutzen/CL_113_christmas-cards-part-2-with-carsten-lützen.md
_dEowbFFryw	\"My Board\" with Carsten Lützen	personal-kanban,task-management,time-horizons,planning,agile-coaching,focus,productivity	Agile & Product	videos/carsten-lutzen/CL_114_my-board-with-carsten-lützen.md
RhuAXrC1Pyc	The 7 mins Brain Box - Episode 1	visual-facilitation,sketchnoting,constraints,creativity,coaching-conversation,visualization,async-collaboration	Facilitator Craft	videos/carsten-lutzen/CL_115_the-7-mins-brain-box-episode-1.md
MbuHHZOXI7M	\"Random Access Memory (RAM)\" with Carsten Lützen	random-access-memory,ram,liberating-structures,debrief,retrospective,reflection,workshop-design	Retro Format	videos/carsten-lutzen/CL_116_random-access-memory-ram-with-carsten-lützen.md
Wblb764PhVY	\"Shimmy Shimmy Sho\" with Carsten Lützen	energizer,improv,warm-up,movement,circle-game,silly,engagement	Energizer	videos/carsten-lutzen/CL_117_shimmy-shimmy-sho-with-carsten-lützen.md
olKxIFRLm_c	\"To Estimate or not to Estimate\" with Carsten Lützen	estimation,no-estimates,velocity,planning,control-chart,flow-metrics,lead-time	Agile & Product	videos/carsten-lutzen/CL_118_to-estimate-or-not-to-estimate-with-carsten-lützen.md
p10AyhHI2Ao	\"IKEA or Cheese\" with Carsten Lützen	energizer,icebreaker,quiz,ikea-or-cheese,team-energizer,fun,low-prep	Energizer	videos/carsten-lutzen/CL_119_ikea-or-cheese-with-carsten-lützen.md
TpU1IkEewbc	\"Anxiety Circus\" with Carsten Lützen	anxiety-circus,25-10-crowdsourcing,liberating-structures,retrospective,facilitation,fear-mapping,workshop-design	Retro Format	videos/carsten-lutzen/CL_120_anxiety-circus-with-carsten-lützen.md
QeZZr0n__Ps	\"Future Perfect\" with Carsten Lützen	future-perfect,solution-focused,coaching,one-on-one,miracle-question,agile-coaching,scrum-master	Coaching Technique	videos/carsten-lutzen/CL_121_future-perfect-with-carsten-lützen.md
9mComXIypPE	\"Coping Questions\" with Carsten Lützen	coping-questions,solution-focus,coaching,solution-focused-coaching,inner-resources,one-on-one,questions	Coaching Technique	videos/carsten-lutzen/CL_122_coping-questions-with-carsten-lützen.md
w4Dmw8uQgZc	\"3 Gaps\" with Carsten Lützen	three-gaps,effects-gap,knowledge-gap,alignment-gap,sprint-goals,solution-focused,assumptions	Agile & Product	videos/carsten-lutzen/CL_123_3-gaps-with-carsten-lützen.md
rEbywrs6Ssg	\"Late Cake\" with Carsten Lützen	late-cake,accountability,team-agreements,punctuality,psychological-safety,fun,transparency	Facilitation Method	videos/carsten-lutzen/CL_124_late-cake-with-carsten-lützen.md
4oNy9Yogk8k	\"What Should I..\" with Carsten Lützen	energizer,check-in,positive-priming,icebreaker,small-group,workshop-opening,team-introduction	Energizer	videos/carsten-lutzen/CL_125_what-should-i-with-carsten-lützen.md
LXJAwsLzCRY	\"Exception Questions\" with Carsten Lützen	exception-questions,solution-focused,coaching,agile-coaching,sprint-goals,reframing,questions	Coaching Technique	videos/carsten-lutzen/CL_126_exception-questions-with-carsten-lützen.md
jDQTJoA6p5w	Minimal Viable Product" with Carsten Lützen	mvp,minimum-viable-product,product-development,agile,iterative-development,prototyping,prioritization	Agile & Product	videos/carsten-lutzen/CL_127_minimal-viable-product-with-carsten-lützen.md
8ODEZn6TtV4	\"Gallery Walk\" with Carsten Lützen	gallery-walk,facilitation,sensemaking,retrospective,workshop-design,silent-reflection,debrief	Facilitation Method	videos/carsten-lutzen/CL_128_gallery-walk-with-carsten-lützen.md
DYm4-5VXBQ0	\"FOCUS\" with Carsten Lützen	sprint-goal,focus-mnemonic,scrum,sprint-planning,outcome-oriented,agile,sprint-name	Agile & Product	videos/carsten-lutzen/CL_129_focus-with-carsten-lützen.md
9qBofOBF7mE	\"Elevenie\" with Carsten Lützen	elevenie,poetry,retrospective,creative-exercise,team-reflection,sprint-review,gratitude	Retro Format	videos/carsten-lutzen/CL_130_elevenie-with-carsten-lützen.md
8M1dTkbx9os	\"5 Year Anniversary\" with Carsten Lützen	anniversary,reflection,community,liberating-structures,conferences,personal-journey,agile-coaching	Personal	videos/carsten-lutzen/CL_131_5-year-anniversary-with-carsten-lützen.md
LDMsgaD_HTY	\"Leading and Lagging Indicators\" with Carsten Lützen.	leading-indicators,lagging-indicators,metrics,data-driven,goal-setting,measurement,agile-coaching	Agile & Product	videos/carsten-lutzen/CL_132_leading-and-lagging-indicators-with-carsten-lützen.md
rG5VtNadOYs	Pragmatism" with Carsten Lützen	pragmatism,agile-coaching,scrum,experimentation,cynefin,complexity,iterative-development	Concept	videos/carsten-lutzen/CL_133_pragmatism-with-carsten-lützen.md
c_EUuhr5C-k	\"Nonviolent Communication\" with Carsten Lützen	nonviolent-communication,nvc,conflict-resolution,communication,feelings,needs,de-escalation	Coaching Technique	videos/carsten-lutzen/CL_134_nonviolent-communication-with-carsten-lützen.md
urBqCmgJoAE	\"Sprint Goal\" with Carsten Lützen	sprint-goal,scrum,agile,timeboxing,sprint-planning,miracle-question,solution-focused	Agile & Product	videos/carsten-lutzen/CL_135_sprint-goal-with-carsten-lützen.md
5JdfzetoIaI	\"Problem Story\" with Carsten Lützen	problem-story,backlog-refinement,user-stories,product-backlog,agile,scrum,backlog-items	Agile & Product	videos/carsten-lutzen/CL_136_problem-story-with-carsten-lützen.md
e-0CEd-pyrA	Improvement Story" with Carsten Lützen	improvement-stories,user-stories,job-stories,backlog-refinement,goal-setting,product-backlog,agile	Agile & Product	videos/carsten-lutzen/CL_137_improvement-story-with-carsten-lützen.md
bo4gghna9RM	\"Job Story\" with Carsten Lützen	job-stories,user-stories,backlog,product-backlog,agile,scrum,epics	Agile & Product	videos/carsten-lutzen/CL_138_job-story-with-carsten-lützen.md
-uhya_PHMvg	\"User Story\" with Carsten Lützen	user-stories,product-backlog,agile,scrum,personas,acceptance-criteria,product-owner	Agile & Product	videos/carsten-lutzen/CL_139_user-story-with-carsten-lützen.md
jKPb4vBMMCw	Imposter Syndrome" with Carsten Lützen	imposter-syndrome,psychological-safety,appreciative-feedback,positive-reinforcement,agile-coaching,scrum-master,self-worth	Concept	videos/carsten-lutzen/CL_140_imposter-syndrome-with-carsten-lützen.md
dcZp8TxdSRA	Helping Heuristics" with Carsten Lützen	helping-heuristics,liberating-structures,coaching,feedback,asking-for-help,triads,facilitation	Coaching Technique	videos/carsten-lutzen/CL_141_helping-heuristics-with-carsten-lützen.md
a_kKxzwDCOQ	\"Workshop Alignment\" with Carsten Lützen	workshop-alignment,workshop-preparation,facilitation,pre-workshop,scoping,stakeholder-alignment,desired-outcomes	Facilitator Craft	videos/carsten-lutzen/CL_142_workshop-alignment-with-carsten-lützen.md
IgrsQCqyesE	\"Silence\" with Carsten Lützen	silence,reflective-silence,restorative-silence,relational-silence,facilitation,quiet-time,liberating-structures	Facilitator Craft	videos/carsten-lutzen/CL_143_silence-with-carsten-lützen.md
folm3tQ985E	\"Word Associations\" with Carsten Lützen	word-association,icebreaker,self-introduction,speaker-intro,facilitation,energizer,conference	Facilitation Method	videos/carsten-lutzen/CL_144_word-associations-with-carsten-lützen.md
OSd4LsZEPfE	\"Quiet Time\" with Carsten Lützen	quiet-time,silence,reflection,1-2-4-all,liberating-structures,facilitation,introversion	Facilitator Craft	videos/carsten-lutzen/CL_145_quiet-time-with-carsten-lützen.md
euFzN0w8oDQ	\"Confirmation Bias\" with Carsten Lützen	confirmation-bias,cognitive-bias,number-sequence-exercise,workshop-exercise,hypothesis-testing,facilitation,awareness	Concept	videos/carsten-lutzen/CL_146_confirmation-bias-with-carsten-lützen.md
e0zqb83tGYc	Flipchart Layout" with Carsten Lützen	flipchart,visual-facilitation,layout,handwriting,workshop-design,facilitation-tools,sketching	Facilitator Craft	videos/carsten-lutzen/CL_147_flipchart-layout-with-carsten-lützen.md
sB4BNjcRZGw	\"Fonts\" with Carsten Lützen	flip-chart,handwriting,facilitation-basics,visual-facilitation,muscle-memory,lettering,workshop-materials	Facilitator Craft	videos/carsten-lutzen/CL_148_fonts-with-carsten-lützen.md
x_jNbnRJS-Y	\"Circle of Influence\" with Carsten Lützen	circle-of-influence,mental-model,retrospective,action-items,shared-language,facilitation,agile-coaching	Concept	videos/carsten-lutzen/CL_149_circle-of-influence-with-carsten-lützen.md
XhfY4ummQXQ	\"Parkinson's Law\" with Carsten Lützen	parkinsons-law,time-management,sprint-planning,agile,scrum,productivity,pseudo-work	Concept	videos/carsten-lutzen/CL_150_parkinsons-law-with-carsten-lützen.md
Ykyy2XyCuBQ	\"Oscars\" with Carsten Lützen	retrospective,sprint-review,backlog-review,dot-voting,award-ceremony,celebration,team-reflection	Retro Format	videos/carsten-lutzen/CL_151_oscars-with-carsten-lützen.md
DABUbium-5o	Popcorn Theory" with Carsten Lützen	popcorn-theory,facilitation,psychological-safety,1-2-4-all,liberating-structures,group-discussion,metaphor	Concept	videos/carsten-lutzen/CL_152_popcorn-theory-with-carsten-lützen.md
p0qznLcKtU0	Statues" by Carsten Lützen	energizer,improv,statues,warm-up,team-activity,physical,creative	Energizer	videos/carsten-lutzen/CL_153_statues-by-carsten-lützen.md
SUW7QQF10PU	\"Raising Hands\" with Carsten Lützen	pair-formation,self-organization,impromptu-networking,liberating-structures,facilitation-tip,pairing,group-dynamics	Facilitation Method	videos/carsten-lutzen/CL_154_raising-hands-with-carsten-lützen.md
chQTt59N2eI	\"4-2-1-SNAP\" with Carsten Lützen	4-2-1-snap,liberating-structures,one-two-four-all,closure,discussion,retrospective,facilitation	Retro Format	videos/carsten-lutzen/CL_155_4-2-1-snap-with-carsten-lützen.md
PnGN9EewF5M	\"Dialogic Orientation Quadrant\" with Carsten Lützen	dialogic-orientation-quadrant,doq,coaching-questions,solution-focused,question-loading,preferred-future,resourceful-past	Coaching Technique	videos/carsten-lutzen/CL_156_dialogic-orientation-quadrant-with-carsten-lützen.md
CfXfOUPKyF8	\"Lean Coffee™\" with Carsten Lützen	lean-coffee,retrospective,facilitation,time-boxing,voting,prioritization,meetup	Facilitation Method	videos/carsten-lutzen/CL_157_lean-coffee-with-carsten-lützen.md
sy_Zq6vXlXg	\"Eisenhower Matrix\" with Carsten Lützen	eisenhower-matrix,prioritization,time-management,delegation,process-improvement,burnout-prevention,scrum-master	Facilitation Method	videos/carsten-lutzen/CL_158_eisenhower-matrix-with-carsten-lützen.md
RQzN-jDUP-w	\"Control Chart\" with Carsten Lützen	control-chart,flow-metrics,cycle-time,predictability,kanban,agile-metrics,bottleneck	Agile & Product	videos/carsten-lutzen/CL_159_control-chart-with-carsten-lützen.md
wFxQl_lEh-k	\"Worksheets\" with Carsten Lützen	worksheets,workshop-design,facilitation,user-interviews,liberating-structures,one-two-for-all,sticky-notes	Facilitator Craft	videos/carsten-lutzen/CL_160_worksheets-with-carsten-lützen.md
GX8JF491eFs	Improv Prototyping" with Carsten Lützen	improv-prototyping,liberating-structures,improvisation,prototyping,facilitation,retrospective,iterative-design	Facilitation Method	videos/carsten-lutzen/CL_161_improv-prototyping-with-carsten-lützen.md
432zZ9hIoCY	\"Future Campfire\" with Carsten Lützen	future-campfire,time-travel,retrospective,debriefing,liberating-structures,solution-focused,campfire	Retro Format	videos/carsten-lutzen/CL_162_future-campfire-with-carsten-lützen.md
Fss2xvraX98	\"36 Questions that Lead to Love\" with Carsten Lützen	36-questions,impromptu-networking,mad-t,energizer,connection,team-building,liberating-structures	Facilitation Method	videos/carsten-lutzen/CL_163_36-questions-that-lead-to-love-with-carsten-lützen.md
o5VrLwm_Zos	\"Spiral Journal\" with Carsten Lützen	spiral-journal,liberating-structures,reflection,retrospective,individual-reflection,introvert-friendly,quiet-reflection	Facilitation Method	videos/carsten-lutzen/CL_164_spiral-journal-with-carsten-lützen.md
bA-6PWy4Uxg	Presentation Tips" with Carsten Lützen	presentation-skills,public-speaking,body-language,slide-design,storytelling,preparation,facilitation	Facilitator Craft	videos/carsten-lutzen/CL_165_presentation-tips-with-carsten-lützen.md
C28imCqzXhE	\"Johari Window\" with Carsten Lützen	johari-window,self-awareness,feedback,coaching,blind-spot,transparency,psychological-safety	Feedback	videos/carsten-lutzen/CL_166_johari-window-with-carsten-lützen.md
jUjnEeovNcA	\"Christmas Greeting\" with Carsten Lützen	team-appreciation,end-of-year,personalized-letters,recognition,team-culture,psychological-safety,agile-coaching	Personal	videos/carsten-lutzen/CL_167_christmas-greeting-with-carsten-lützen.md
6gonC4ewCpg	Naughty or Nice" with Carsten Lützen	retrospective,christmas-retrospective,naughty-or-nice,stop-start-continue,team-reflection,sprint-retrospective,facilitation	Retro Format	videos/carsten-lutzen/CL_168_naughty-or-nice-with-carsten-lützen.md
9Rie9awnh44	\"Birthday Song\" with Carsten Lützen	energizer,icebreaker,birthday-song,name-learning,re-energizer,after-break,multi-day-workshop	Energizer	videos/carsten-lutzen/CL_169_birthday-song-with-carsten-lützen.md
gGeS3sq6g2k	\"I see you at your best when...\" with Carsten Lützen	feedback,strengths-based,asynchronous-feedback,team-feedback,positive-feedback,solution-focused,whiteboard	Feedback	videos/carsten-lutzen/CL_170_i-see-you-at-your-best-when-with-carsten-lützen.md
rtABQnua32A	\"Connections\" with Carsten Lützen	connections,icebreaker,energizer,yarn,virtual,in-person,team-building	Energizer	videos/carsten-lutzen/CL_171_connections-with-carsten-lützen.md
cMAniNbv1mM	Human Org Chart" with Carsten Lützen	human-org-chart,organizational-structure,sensemaking,physical-exercise,team-awareness,facilitation,org-design	Facilitation Method	videos/carsten-lutzen/CL_172_human-org-chart-with-carsten-lützen.md
DK1aZEvi8Oo	\"What do an Agile Coach do?\" with Carsten Lützen	agile-coaching,scrum-master,role-definition,metaphor,team-environment,habits,gardener	Personal	videos/carsten-lutzen/CL_173_what-do-an-agile-coach-do-with-carsten-lützen.md
h7nT0-Smun4	Strength Test" with Carsten Lützen	decision-making,strength-test,venn-diagram,dot-voting,workshop,transparency,gut-feeling	Facilitation Method	videos/carsten-lutzen/CL_174_strength-test-with-carsten-lützen.md
gkwKrDxg2wA	\"Waltz\" wtih Carsten Lützen	energizer,dancing,waltz,movement,workshop,facilitation,physical-activity	Energizer	videos/carsten-lutzen/CL_175_waltz-wtih-carsten-lützen.md
25gnhhyjD_8	Suspense" with Carsten Lützen	meeting-closing,humor,psychological-safety,online-facilitation,icebreaker,meeting-culture,fun	Energizer	videos/carsten-lutzen/CL_176_suspense-with-carsten-lützen.md
vEl7vx4VPyU	Storytelling for Facilitators\" with Carsten Lützen	storytelling,facilitation,workshop-design,engagement,context-conflict-change,narrative,opening-techniques	Facilitator Craft	videos/carsten-lutzen/CL_177_storytelling-for-facilitators-with-carsten-lützen.md
_1VZ3e5fjg0	\"Invisible Facilitation Tasks\" with Carsten Lützen	holding-space,reading-the-room,facilitation-presence,setting-the-mood,invisible-tasks,psychological-safety,nudging	Facilitator Craft	videos/carsten-lutzen/CL_178_invisible-facilitation-tasks-with-carsten-lützen.md
mSBHH5EPpwY	\"The Wave\" with Carsten Lützen	agile,wave-metaphor,complexity,psychological-safety,purpose-driven,human-centered,team-coaching	Concept	videos/carsten-lutzen/CL_179_the-wave-with-carsten-lützen.md
pQCVvD722oM	\"Futures Wheel\" with Carsten Lützen	futures-wheel,consequence-mapping,systems-thinking,what-if,brainstorming,workshop-design,facilitation	Facilitation Method	videos/carsten-lutzen/CL_180_futures-wheel-with-carsten-lützen.md
xc40BxvSLjA	5 Characteristics of Play... ful work" with Carsten Lützen	playful-work,play,lego-foundation,workshop-design,facilitation,liberating-structures,engagement	Concept	videos/carsten-lutzen/CL_181_5-characteristics-of-play-ful-work-with-carsten-lützen.md
4-Ywg0UJEss	\"Ending on a High\" with Carsten Lützen	workshop-closing,closing-activity,energizer,massage-circle,high-five,one-word-debrief,physical-activity	Energizer	videos/carsten-lutzen/CL_182_ending-on-a-high-with-carsten-lützen.md
R5worCVQBc4	\"Friction is also Feedback\" with Carsten Lützen	friction,feedback,change-management,resistance,listening,reframing,organizational-change	Concept	videos/carsten-lutzen/CL_183_friction-is-also-feedback-with-carsten-lützen.md
a-GFwNnZ6g8	\"Negativity Bias\" with Carsten Lützen	negativity-bias,cognitive-bias,feedback,role-modeling,psychological-safety,behavior-change,facilitation	Concept	videos/carsten-lutzen/CL_184_negativity-bias-with-carsten-lützen.md
hAxT_5cs0p0	\"Impression Management\" with Carsten Lützen	impression-management,authenticity,psychological-safety,facilitation,trust,manipulation,group-dynamics	Facilitator Craft	videos/carsten-lutzen/CL_185_impression-management-with-carsten-lützen.md
5RPt6-PkxgU	\"Days Since Last\" with Carsten Lützen	days-since-last,visual-metrics,kanban,scrum,streak,continuous-delivery,retrospective	Agile & Product	videos/carsten-lutzen/CL_186_days-since-last-with-carsten-lützen.md
b3kJWuHL_Js	When Flow Beats the Agenda	flow-state,agenda-design,flexible-timing,psychological-safety,energizer,workshop-design,facilitation	Facilitator Craft	videos/carsten-lutzen/CL_187_when-flow-beats-the-agenda-with-carsten-lützen.md
UPTZ09iH7mA	\"Hybrid Meetings\" with Carsten Lützen	hybrid-meetings,facilitation,remote,online-participants,tech-setup,gimbal,gallery-walk	Facilitator Craft	videos/carsten-lutzen/CL_199_hybrid-meetings-with-carsten-lützen.md
BItraJy4fpQ	\"I'd rather have a hole in my team...\" with Carsten Lützen	team-dynamics,psychological-safety,negativity,toxicity,team-health,coaching,inclusion	Concept	videos/carsten-lutzen/CL_205_id-rather-have-a-hole-in-my-team-with-carsten-lützen.md
jOD_d7b1JfQ	\"Positive Impact\" with Carsten Lützen	impact-mapping,self-reflection,coaching,agile-coaching,scrum-master,facilitation,personal-development	Coaching Technique	videos/carsten-lutzen/CL_206_positive-impact-with-carsten-lützen.md
-jqbiCXw1j4	\"Less Expert, More Coach\" with Carsten Lützen	expert-to-coach,coaching-mindset,scrum-master,agile-coaching,advice-giving,active-listening,silence	Concept	videos/carsten-lutzen/CL_207_less-expert-more-coach-with-carsten-lützen.md
Qu5bht3urKA	\"Lost Agile Coach?\" with Carsten Lützen	agile-coaching,identity,role-clarity,scrum-master,certification,professional-coaching,facilitation	Personal	videos/carsten-lutzen/CL_208_lost-agile-coach-with-carsten-lützen.md
8orC4B7X-2o	Read, Rest, Reflect, Repeat" with Carsten Lützen	rest,reflection,cognitive-load,downtime,personal-development,slow-living,mindfulness	Personal	videos/carsten-lutzen/CL_209_read-rest-reflect-repeat-with-carsten-lützen.md
zXQEjUCfkcg	\"Suggestions for Success\" with Carsten Lützen	ground-rules,suggestions-for-success,stage-setting,workshop-opening,vegas-rule,co-facilitation,lean-in	Facilitation Method	videos/carsten-lutzen/CL_210_suggestions-for-success-with-carsten-lützen.md
03RWve8Qhts	\"Role Model\" with Carsten Lützen	["role-modeling", "show-don't-tell", "psychological-safety", "facilitation-presence", "trust-building", "transparency", "energizer", "physical-activity", "plank", "device-policy", "liberators", "whispering-at-the-top-of-lungs"]	Facilitator Craft	videos/carsten-lutzen/CL_211_role-model-with-carsten-lützen.md
QBe7Td8waTI	\"Constellations\" with Carsten Lützen	constellations,physical-exercise,silent-reflection,debriefing,psychological-safety,group-sensing,facilitation	Facilitation Method	videos/carsten-lutzen/CL_212_constellations-with-carsten-lützen.md
80cvxcvgA-s	\"Coloring\" with Carsten Lützen	visual-facilitation,flip-chart,markers,crayons,chalk-pastels,coloring,workshop-materials	Facilitator Craft	videos/carsten-lutzen/CL_213_coloring-with-carsten-lützen.md
lrltlokoWZ8	\"Voting Retro\" with Carsten Lützen	retrospective,voting,topic-selection,facilitation,scrum,agile-coaching,communication	Retro Format	videos/carsten-lutzen/CL_214_voting-retro-with-carsten-lützen.md
ZOpxwUzIWXY	\"Favorite Toy\" with Carsten Lützen	energizer,icebreaker,favorite-toy,online-facilitation,virtual-whiteboard,liberating-structures,1-2-4-all	Energizer	videos/carsten-lutzen/CL_215_favorite-toy-with-carsten-lützen.md
uzlNWmNh9Ao	\"Chair Game\" with Carsten Lützen	chair-game,energizer,icebreaker,silence,transparency,collaboration,competing-goals	Energizer	videos/carsten-lutzen/CL_216_chair-game-with-carsten-lützen.md
RbkllPNSBDI	\"Speech Bubbles\" with Carsten Lützen	speech-bubbles,flip-chart,visual-facilitation,drawing,process-illustration,thought-bubbles,workshop-visuals	Facilitator Craft	videos/carsten-lutzen/CL_227_speech-bubbles-with-carsten-lützen.md
bm0kS51z2jA	\"Process Illustration\" with Carsten Lützen	process-illustration,visual-facilitation,flip-chart,drawing,backlog,refinement,workshop-design	Facilitator Craft	videos/carsten-lutzen/CL_228_process-illustration-with-carsten-lützen.md
36tcQrkt9ew	\"Success?!?\" with Carsten Lützen	success,definition-of-success,time-scope-outcome,workshop-exercise,team-alignment,business-outcome,facilitation	Facilitation Method	videos/carsten-lutzen/CL_229_success-with-carsten-lützen.md
0nz6HgiHpTc	\"Cheerleader Rock Paper Scissors\" with Carsten Lützen	energizer,icebreaker,rock-paper-scissors,cheerleader,physical-activity,in-person,warm-up	Energizer	videos/carsten-lutzen/CL_230_cheerleader-rock-paper-scissors-with-carsten-lützen.md
qDmZZwaHztQ	\"Battery\" with Carsten Lützen	battery,check-in,energizer,icebreaker,mental-health,energy-levels,signs-of-change	Energizer	videos/carsten-lutzen/CL_231_battery-with-carsten-lützen.md
gBa3AvYspDA	\"Dependency Map\" with Carsten Lützen	dependency-map,dependencies,multi-team,scaling,sprint-planning,visualization,physical-facilitation	Facilitation Method	videos/carsten-lutzen/CL_232_dependency-map-with-carsten-lützen.md
UofeMYHah3g	\"The Curse of Knowledge\" with Carsten Lützen	curse-of-knowledge,cognitive-bias,communication,agile-coaching,onboarding,assumptions,ego	Concept	videos/carsten-lutzen/CL_233_the-curse-of-knowledge-with-carsten-lützen.md
KiD9c2NbIM4	\"The Bouncer\" with Carsten Lützen	conflict-escalation,conflict-staircase,third-party-intervention,de-escalation,solution-focused-coaching,miracle-question,agile-coaching	Coaching Technique	videos/carsten-lutzen/CL_234_the-bouncer-with-carsten-lützen.md
uvxnXZzxXn0	\"Good Mistakes\" with Carsten Lützen	good-mistakes,psychological-safety,fail-fast,feedback-loops,learning,team-culture,risk-reduction	Concept	videos/carsten-lutzen/CL_235_good-mistakes-with-carsten-lützen.md
cqFAJ3O8Uvk	\"IKIGAI\" with Carsten Lützen	ikigai,purpose,self-reflection,coaching,career,meaning,values	Concept	videos/carsten-lutzen/CL_236_ikigai-with-carsten-lützen.md
o97xPve-b1s	The Power of Small" with Carsten Lützen	energizer,icebreaker,playfulness,psychological-safety,tiebreaker,dad-jokes,would-you-rather	Facilitator Craft	videos/carsten-lutzen/CL_237_the-power-of-small-with-carsten-lützen.md
7-u6o8uEjbM	Sailboat... with a riff	sailboat,retrospective,metaphor,risk-identification,anchors,wind,reef	Retro Format	videos/carsten-lutzen/CL_238_sailboat-with-a-riff-by-carsten-lützen.md
HGIhe38TN24	Webinar Setup with Carsten Lützen	webinar,setup,ipad,digital-facilitation,live-drawing,goodnotes,reflector	Facilitator Craft	videos/carsten-lutzen/CL_239_webinar-setup-with-carsten-lützen.md
IA6UtZcmKqM	\"Everything is Data\" with Carsten Lützen	everything-is-data,observation,data-collection,team-dynamics,agile-coaching,scrum-master,closed-doors	Coaching Technique	videos/carsten-lutzen/CL_276_everything-is-data-with-carsten-lützen.md
418RPPvf2Rk	\"How Might We's\" with Carsten Lützen	how-might-we,design-thinking,design-sprint,retrospective,problem-framing,reframing,facilitation	Facilitation Method	videos/carsten-lutzen/CL_277_how-might-wes-with-carsten-lützen.md
Ss4PKsNBAgI	The Dunning Kruger Effect" with Carsten Lützen	dunning-kruger,cognitive-bias,competence,confidence,learning,mental-model,self-awareness	Concept	videos/carsten-lutzen/CL_278_the-dunning-kruger-effect-with-carsten-lützen.md
WWdJiRscupE	My Journey" by Carsten Lützen	career-journey,agile-coaching,scrum-master,solution-focused-coaching,icf-certification,liberating-structures,personal-story	Personal	videos/carsten-lutzen/CL_279_my-journey-by-carsten-lützen.md
AQaKQF5OELc	Segmentation" by Carsten Lützen	segmentation,standing-on-a-line,grouping,conversation-starter,icebreaker,psychological-safety,liberating-structures	Facilitation Method	videos/carsten-lutzen/CL_280_segmentation-by-carsten-lützen.md
VPMlyu4DhJk	Liberating Structures Agenda" by Carsten Lützen	liberating-structures,agenda-design,workshop-planning,visual-facilitation,agenda-cards,kanban,pdf-tool	Facilitator Craft	videos/carsten-lutzen/CL_281_liberating-structures-agenda-by-carsten-lützen.md
iTXIPqTxjIg	Why Sharing is Good	sharing,knowledge-sharing,personal-growth,vulnerability,community,communication,reflection	Personal	videos/carsten-lutzen/CL_282_why-sharing-is-good-by-carsten-lützen.md
GDODJEH2Obg	\"Competing Plans\" with Carsten Lützen	competing-plans,planning,workshop-design,group-exercise,convergence,dot-voting,confidence-voting	Facilitation Method	videos/carsten-lutzen/CL_283_competing-plans-with-carsten-lützen.md
z5ZG8EuU95w	\"Daily / Daily Scrum / Stand-up / ...\" with Carsten Lützen	daily-scrum,stand-up,scrum,agile,1-2-4-all,large-teams,scrum-ceremonies	Agile & Product	videos/carsten-lutzen/CL_284_daily-daily-scrum-stand-up-with-carsten-lützen.md
ftf9UVKCco4	\"Social Network Webbing\" with Carsten Lützen	social-network-webbing,liberating-structures,network-mapping,stakeholder-mapping,1-2-4-all,collaboration,team-dynamics	Facilitation Method	videos/carsten-lutzen/CL_285_social-network-webbing-with-carsten-lützen.md
E2NUAYO-vGg	Flipchart Tips 2	flipchart,visual-facilitation,markers,workshop-materials,drawing,color-theory,facilitation-tools	Facilitator Craft	videos/carsten-lutzen/CL_286_flipchart-tips-2.md
J30jPgh5kdE	Back to Back Listening" with Carsten Lützen	back-to-back-listening,liberating-structures,energizer,empathy,music,perception,trust	Energizer	videos/carsten-lutzen/CL_287_back-to-back-listening-with-carsten-lützen.md
Xa_lgukGNZw	Integrated Autonomy" with Carsten Lützen	integrated-autonomy,liberating-structures,either-or-thinking,both-and-thinking,wicked-questions,polarities,team-autonomy	Facilitation Method	videos/carsten-lutzen/CL_288_integrated-autonomy-with-carsten-lützen.md
JVIKEPLFznI	\"Counting Together\" with Carsten Lützen	energizer,icebreaker,physical,pairs,counting,coordination,warm-up	Energizer	videos/carsten-lutzen/CL_289_counting-together-with-carsten-lützen.md
0OHRCHXdcQA	\"Tiebreakers\" with Carsten Lützen	tiebreaker,pair-work,liberating-structures,impromptu-networking,1-2-4-all,psychological-safety,icebreaker	Facilitation Method	videos/carsten-lutzen/CL_290_tiebreakers-with-carsten-lützen.md
rHgwdC9aVSc	\"Dart\" with Carsten Lützen	dart,bullseye,retrospective,visual-facilitation,sprint-review,target,post-its	Facilitation Method	videos/carsten-lutzen/CL_291_dart-with-carsten-lützen.md
lzJse2ESeS8	Navigation" with Carsten Lützen	coaching,navigation,coaching-agreement,north-star,one-on-one,session-structure,closing	Coaching Technique	videos/carsten-lutzen/CL_292_navigation-with-carsten-lützen.md
WqYmk0enDVI	Scrum Mom" by Carsten Lützen	scrum-mom,anti-pattern,scrum-master,accountability,ownership,empowerment,fail-fast	Concept	videos/carsten-lutzen/CL_293_scrum-mom-by-carsten-lützen.md
0yyakDr8oG8	Difference" With Carsten Lützen	difference-question,solution-focused,coaching-questions,perspective-taking,retrospective,one-on-one,goal-clarification	Coaching Technique	videos/carsten-lutzen/CL_294_difference-with-carsten-lützen.md
izppU_gcR6g	\"Walk & Talk\" with Carsten Lützen	walk-and-talk,one-on-one,movement,energizer,workshop-design,online-facilitation,pairs	Facilitation Method	videos/carsten-lutzen/CL_295_walk-talk-with-carsten-lützen.md
LAVz6iC5HA4	Playful Agility" with Carsten Lützen	playfulness,energizer,team-building,dad-jokes,psychological-safety,fun,team-dynamics	Facilitator Craft	videos/carsten-lutzen/CL_296_playful-agility-with-carsten-lützen.md
LCglZJtAobE	\"Workshop Skeleton\" with Carsten Lützen	workshop-design,workshop-skeleton,facilitation,agenda,energizer,best-hopes,session-rules	Facilitator Craft	videos/carsten-lutzen/CL_297_workshop-skeleton-with-carsten-lützen.md
82gHVeDXG4M	\"TRIZ\" wtih Carsten Lützen	triz,liberating-structures,retrospective,facilitation,inversion,workshop,1-2-4-all	Facilitation Method	videos/carsten-lutzen/CL_298_triz-wtih-carsten-lützen.md
JbcWosWEA6s	Agile Coaching Competency Framework" with Carsten Lützen	agile-coaching,competency-framework,liz-atkins,professional-coaching,facilitation,mentoring,teaching	Concept	videos/carsten-lutzen/CL_312_agile-coaching-competency-framework-with-carsten-lützen.md
su0FI6zCjcY	My Coaching Journey with Carsten Lützen	coaching-journey,solution-focused-coaching,icf-certification,clean-language,mentor-coaching,acc,peer-coaching	Personal	videos/carsten-lutzen/CL_313_my-coaching-journey-with-carsten-lützen.md
4EzVAIzOnEM	\"Impromptu Networking\" with Carsten Lützen	impromptu-networking,liberating-structures,energizer,icebreaker,pairing,prompts,warm-up	Energizer	videos/carsten-lutzen/CL_314_impromptu-networking-with-carsten-lützen.md
g-OKIkp5lF8	My day" by Carsten Lützen	scrum-master,agile-coach,daily-routine,role-modeling,imposter-syndrome,learning,team-observation	Personal	videos/carsten-lutzen/CL_315_my-day-by-carsten-lützen.md
YjF_fDb74Yc	Lack of Trust by Carsten Lützen	trust,absence-of-trust,five-dysfunctions,tuckman,storming,team-dynamics,psychological-safety	Coaching Technique	videos/carsten-lutzen/CL_316_lack-of-trust-by-carsten-lützen.md
AWAMktCjIXw	\"Barry's Tip\" with Carsten Lützen	instruction-giving,facilitation-language,group-management,barry-overeem,liberating-structures,facilitation-tip,clarity	Facilitator Craft	videos/carsten-lutzen/CL_317_barrys-tip-with-carsten-lützen.md
lT6aG6bPXmE	\"Liberating Structures Micro-Design Elements\" with Carsten Lützen	liberating-structures,micro-design,structural-elements,facilitation-design,participation,group-configuration,invitation	Concept	videos/carsten-lutzen/CL_318_liberating-structures-micro-design-elements-with-carsten-lüt.md
uzRc-VT4MOc	Wicked Questions\" by Carsten Lützen	wicked-questions,liberating-structures,paradox,facilitation,group-exercise,workshop-design,team-autonomy	Facilitation Method	videos/carsten-lutzen/CL_319_wicked-questions-by-carsten-lützen.md
2OXhdIlaBrk	Invitations" by Carsten Lützen	invitation,liberating-structures,facilitation,framing,neutrality,workshop-design,problem-space	Facilitator Craft	videos/carsten-lutzen/CL_320_invitations-by-carsten-lützen.md
93xNMOhH--Y	\"Celebrity Interview\" with Carsten Lützen	celebrity-interview,liberating-structures,interview-format,audience-engagement,facilitation,workshop-design,1-2-4-all	Facilitation Method	videos/carsten-lutzen/CL_321_celebrity-interview-with-carsten-lützen.md
4XIMbTwhkQw	New 'Scrum Master' in Team" with Carsten Lützen	scrum-master,new-team,onboarding,curiosity,observation,empirical-process,transparency	Agile & Product	videos/carsten-lutzen/CL_322_new-scrum-master-in-team-with-carsten-lützen.md
YE0k9mikMTs	\"Working Agreements\" with Carsten Lützen	working-agreements,definition-of-done,definition-of-ready,team-agreements,agile,scrum,workflow	Agile & Product	videos/carsten-lutzen/CL_323_working-agreements-with-carsten-lützen.md
MZuzW_62Hjw	Positive Feedback" with Carsten Lützen	positive-feedback,feedback,appreciation,psychological-safety,communication,workplace,feedback-sandwich	Feedback	videos/carsten-lutzen/CL_324_positive-feedback-with-carsten-lützen.md
GuRCcpiwFbY	\"Sprint Review\" with Carsten Lützen	sprint-review,scrum,agile,demo,working-session,liberating-structures,shift-and-share	Agile & Product	videos/carsten-lutzen/CL_325_sprint-review-with-carsten-lützen.md
IBjOEyX2Zwc	\"Drawing Pencils\" with Carsten Lützen	drawing,energizer,anti-energizer,warm-up,focus,creative,icebreaker	Energizer	videos/carsten-lutzen/CL_326_drawing-pencils-with-carsten-lützen.md
ZE2dd754s7A	\"Anti Energizer\" with Carsten Lützen	anti-energizer,energizer,meeting-design,mindfulness,calm,stress,meeting-opening	Facilitation Method	videos/carsten-lutzen/CL_327_anti-energizer-with-carsten-lützen.md
Io2v8J9Ezww	Skrub af Jokes" with Carsten Lützen	energizer,closing,dad-jokes,meeting-close,humor,positive-ending,facilitation-trick	Energizer	videos/carsten-lutzen/CL_328_skrub-af-jokes-with-carsten-lützen.md
R6-CvBUr-Fc	\"Optimums\" with Carsten Lützen	local-optimum,global-optimum,taboo-search,tuckman-model,team-performance,continuous-improvement,heuristics	Concept	videos/carsten-lutzen/CL_329_optimums-with-carsten-lützen.md
TSGHtmdMZTg	2 truths and 1 lie" with Carsten Lützen	two-truths-one-lie,icebreaker,energizer,get-to-know,warm-up,team-building,facilitation	Energizer	videos/carsten-lutzen/CL_330_2-truths-and-1-lie-with-carsten-lützen.md
ZPsMxA27mOw	\"Positive Energizer\" with Carsten Lützen	energizer,positive-priming,icebreaker,team-bonding,pride,appreciation,virtual	Energizer	videos/carsten-lutzen/CL_331_positive-energizer-with-carsten-lützen.md
ONVYV_S_FQY	\"Open Space\" with Carsten Lützen	open-space,open-space-technology,participatory,agenda-setting,self-organization,workshop-design,liberating-structures	Facilitation Method	videos/carsten-lutzen/CL_332_open-space-with-carsten-lützen.md
oGRIGhn6sC8	Nine Whys" with Carsten Lützen	nine-whys,liberating-structures,purpose,meaning,motivation,pairs,interview	Facilitation Method	videos/carsten-lutzen/CL_333_nine-whys-with-carsten-lützen.md
s0x094D9Mqw	\"What I Need From You\" with Carsten Lützen	liberating-structures,winfy,what-i-need-from-you,dependencies,cross-team,product-teams,1-2-4-all	Facilitation Method	videos/carsten-lutzen/CL_334_what-i-need-from-you-with-carsten-lützen.md
cVw92SoAvNc	\"Draw-along\" with Carsten Lützen	visual-facilitation,drawing,graphical-facilitation,sketch-noting,workshop-materials,self-introduction,role-posters	Facilitator Craft	videos/carsten-lutzen/CL_335_draw-along-with-carsten-lützen.md
Cd3cMsRMIhc	\"Drawing Emotions\" with Carsten Lützen	visual-facilitation,graphic-facilitation,drawing,emotions,stick-figures,facilitation-tools,visual-language	Facilitator Craft	videos/carsten-lutzen/CL_336_drawing-emotions-with-carsten-lützen.md
9T_RhkGIT1o	\"Arrows\" with Carsten Lützen	visual-facilitation,drawing,arrows,marker-techniques,graphic-facilitation,flipchart,3d-effects	Facilitator Craft	videos/carsten-lutzen/CL_337_arrows-with-carsten-lützen.md
yRtNXIbKqWs	Faces" with Carsten Lützen	visual-facilitation,flip-chart,drawing,faces,markers,sketching,facilitation-tools	Facilitator Craft	videos/carsten-lutzen/CL_338_faces-with-carsten-lützen.md
AdunzpGUozA	\"Evaluation\" with Carsten Lützen	evaluation,session-feedback,4l-retrospective,fist-of-five,facilitation,workshop-design,online-facilitation	Facilitation Method	videos/carsten-lutzen/CL_339_evaluation-with-carsten-lützen.md
FsgINQy5OtM	\"Facts & Myths\" with Carsten Lützen	facts-and-myths,mythbusters,knowledge-check,reflection,sticky-notes,group-exercise,learning	Facilitation Method	videos/carsten-lutzen/CL_340_facts-myths-with-carsten-lützen.md
8DPQaggreDE	\"Pancakes\" with Carsten Lützen	energizer,icebreaker,remote,online-facilitation,pancakes,fun,food	Energizer	videos/carsten-lutzen/CL_341_pancakes-with-carsten-lützen.md
qktdywDLHk0	\"Emergency Brake\" with Carsten Lützen	emergency-brake,facilitation,timeboxing,conflict-management,group-dynamics,session-management,ownership	Facilitation Method	videos/carsten-lutzen/CL_342_emergency-brake-with-carsten-lützen.md
qFRoY2ixLes	\"Quiz\" with Carsten Lützen	quiz,energizer,icebreaker,team-building,get-to-know,onboarding,remote-friendly	Energizer	videos/carsten-lutzen/CL_343_quiz-with-carsten-lützen.md
mmEnPBtlrYw	\"Best Hopes\" with Carsten Lützen	best-hopes,expectation-alignment,solution-focused,opening-exercise,workshop-design,meeting-facilitation,coaching	Facilitation Method	videos/carsten-lutzen/CL_344_best-hopes-with-carsten-lützen.md
8UCw7GntXCw	\"Drawing Together\" with Carsten Lützen	drawing-together,liberating-structures,visual-facilitation,metaphor,sensemaking,workshop-design,team-reflection	Facilitation Method	videos/carsten-lutzen/CL_345_drawing-together-with-carsten-lützen.md
I0tx_qnrYEI	\"Crazy 8\" with Carsten Lützen	crazy-eights,rapid-ideation,design-sprint,google-design-sprint,brainstorming,divergent-thinking,double-diamond	Facilitation Method	videos/carsten-lutzen/CL_346_crazy-8-with-carsten-lützen.md
TJUV1SyR69c	\"Agile in a Nutshell Poster\" with Carsten Lützen	agile,agile-in-a-nutshell,dandy-people,agile-manifesto,waterfall,cynefin,agile-onion	Agile & Product	videos/carsten-lutzen/CL_347_agile-in-a-nutshell-poster-with-carsten-lützen.md
QTBMDcjjaIg	\"Team Discussions\" with Carsten Lützen	zombie-scrum,agile-principles,prioritization,team-discussion,facilitation,two-dimensional-mapping,effort-importance-matrix	Facilitation Method	videos/carsten-lutzen/CL_348_team-discussions-with-carsten-lützen.md
0e9ZWu4nX-o	\"Counting\" with Carsten Lützen	energizer,counting,movement,physical,icebreaker,multilingual,post-lunch	Energizer	videos/carsten-lutzen/CL_349_counting-with-carsten-lützen.md
HSCx8etynNw	Powerful Questions Part 2	powerful-questions,retrospective,facilitation,reflection,card-deck,zombie-scrum,liberating-structures	Facilitation Method	videos/carsten-lutzen/CL_350_powerful-questions-part-2-with-carsten-lützen.md
yiN-vOsApFM	\"Delay Display\" with Carsten Lützen	delay-display,retrospective,stage-setting,team-mood,train-metaphor,post-its,online-friendly	Retro Format	videos/carsten-lutzen/CL_351_delay-display-with-carsten-lützen.md
5fYYhZ8H-OY	\"Retro Dart\" with Carsten Lützen	retro-dart,retrospective,retrospective-evaluation,psychological-safety,team-reflection,facilitation,scrum	Retro Format	videos/carsten-lutzen/CL_352_retro-dart-with-carsten-lützen.md
per7AdN-a3Y	\"User Manual to Me\" with Carsten Lützen	user-manual,team-building,self-reflection,working-preferences,communication,onboarding,icebreaker	Facilitation Method	videos/carsten-lutzen/CL_353_user-manual-to-me-with-carsten-lützen.md
Iu6NYS9t3MA	\"Background Check\" with Carsten Lützen	icebreaker,energizer,online-facilitation,remote-teams,virtual-workshop,background-check,camera	Energizer	videos/carsten-lutzen/CL_354_background-check-with-carsten-lützen.md
G_NWoKv2nCA	\"Resource Detective\" with Carsten Lützen	resource-detective,coaching,feedback,peer-coaching,resource-gossip,conversation-skills,trio-exercise	Coaching Technique	videos/carsten-lutzen/CL_355_resource-detective-with-carsten-lützen.md
Xtvutd9t2HI	\"The Agile Manifesto\" with Carsten Lützen.	agile-manifesto,agile-values,scrum,waterfall,software-development,agile-coaching,working-software	Concept	videos/carsten-lutzen/CL_356_the-agile-manifesto-with-carsten-lützen.md
I6NArTLq9gs	\"Permission Tokens\" with Carsten Lützen	permission-tokens,team-autonomy,zombie-scrum,visualization,sprint,bottleneck,continuous-improvement	Agile & Product	videos/carsten-lutzen/CL_357_permission-tokens-with-carsten-lützen.md
QrpxRHTG318	\"Reframing\" with Carsten Lützen	reframing,perspective-taking,coaching-technique,retrospective,conflict,solution-focus,undercover-boss	Coaching Technique	videos/carsten-lutzen/CL_358_reframing-with-carsten-lützen.md
8i9zQwOmYPg	Structure of a Coaching Conversation" with Carsten Lützen	coaching-conversation,solution-focused,coaching-agreement,preferred-future,first-signs-of-progress,confidentiality,group-coaching	Coaching Technique	videos/carsten-lutzen/CL_359_structure-of-a-coaching-conversation-with-carsten-lützen.md
9cMAjCr9jS8	\"Double Diamond\" with Carsten Lützen	double-diamond,workshop-design,retrospective,facilitation,problem-framing,diverge-converge,dot-voting	Concept	videos/carsten-lutzen/CL_360_double-diamond-with-carsten-lützen.md
I27aE8IufIc	\"Would You Rather\" with Carsten Lützen	would-you-rather,icebreaker,energizer,online-facilitation,warmup,team-building,dilemma	Energizer	videos/carsten-lutzen/CL_361_would-you-rather-with-carsten-lützen.md
xH-hZqKuITQ	Resource Gossip" with Carsten Lützen	resource-gossip,onboarding,new-team-member,expectations,team-dynamics,circle-exercise,facilitation	Facilitation Method	videos/carsten-lutzen/CL_362_resource-gossip-with-carsten-lützen.md
XhCQ3NfQQSk	\"Spot the Elephant\" with Carsten Lützen	spot-the-elephant,retrospective,psychological-safety,team-health,anonymous-voting,elephant-in-the-room,team-temperature	Retro Format	videos/carsten-lutzen/CL_363_spot-the-elephant-with-carsten-lützen.md
ucFvtpPSNIM	\"Powerful Questions\" with Carsten Lützen	powerful-questions,coaching,facilitation,silence,perspective-shift,curiosity,scrum-master	Coaching Technique	videos/carsten-lutzen/CL_364_powerful-questions-with-carsten-lützen.md
qkVvoMyUZV4	\"Solution Focused Retrospectives\" with Carsten Lützen	solution-focused,retrospective,agile-coaching,scrum,facilitation,team-dynamics,amplify	Retro Format	videos/carsten-lutzen/CL_365_solution-focused-retrospectives-with-carsten-lützen.md
7t7DaFN6zPs	\"Solution Focused Stand-ups\" with Carsten Lützen	daily-standup,solution-focused,scrum,stand-up-questions,user-centricity,team-trust,impediments	Agile & Product	videos/carsten-lutzen/CL_366_solution-focused-stand-ups-with-carsten-lützen.md
yezwPyFiGN8	Coaching with Carsten Lützen	coaching,agile-coaching,icf,coaching-definition,scrum-master,coachee,facilitation	Concept	videos/carsten-lutzen/CL_367_coaching-with-carsten-lützen.md
MZGR3JDiJjU	\"Agile\" with Carsten Lützen	agile,definition,alignment,language,mental-model,agile-coaching,shared-understanding	Concept	videos/carsten-lutzen/CL_368_agile-with-carsten-lützen.md
Av-TNnHa3ak	Noise Makers" with Carsten Lützen	noise-maker,attention-signal,facilitation-tool,plenum,discussion-closure,bell,prayer-bowl	Facilitator Craft	videos/carsten-lutzen/CL_369_noise-makers-with-carsten-lützen.md
7Esc_9NHfDM	Headlines on Flipcharts" with Carsten Lützen	flipchart,visual-facilitation,headlines,markers,drawing,workshop-materials,analog-tools	Facilitator Craft	videos/carsten-lutzen/CL_370_headlines-on-flipcharts-with-carsten-lützen.md
QEphcUSU644	\"Conflict Staircase\" with Carsten Lützen	conflict,conflict-escalation,conflict-staircase,de-escalation,team-dynamics,coaching,solution-focused-coaching	Concept	videos/carsten-lutzen/CL_371_conflict-staircase-with-carsten-lützen.md
5b9nuuv4ALk	\"Purpose to Practice\" with Carsten Lützen	purpose-to-practice,liberating-structures,initiative-kickoff,alignment,team-setup,project-start,facilitation	Facilitation Method	videos/carsten-lutzen/CL_372_purpose-to-practice-with-carsten-lützen.md
bkmX0WisUDg	\"Cynefin Exercise\" with Carsten Lützen	cynefin,cynefin-framework,complexity,facilitation,workshop-exercise,physical-activity,group-exercise	Facilitation Method	videos/carsten-lutzen/CL_373_cynefin-exercise-with-carsten-lützen.md
FiidVI8GIh8	\"Scaling Questions\" with Carsten Lützen	scaling-questions,solution-focused,coaching,retrospective,oskar-model,solution-surfers,silent-exercise	Coaching Technique	videos/carsten-lutzen/CL_374_scaling-questions-with-carsten-lützen.md
oxnXgXVMJGE	Online Treasure Hunt" with Carsten Lützen	online,remote,energizer,treasure-hunt,team-building,icebreaker,virtual	Energizer	videos/carsten-lutzen/CL_375_online-treasure-hunt-with-carsten-lützen.md
PfleBpuSeU0	Liberating Structures with Carsten Lützen	liberating-structures,facilitation,workshop-design,toolbox,1-2-4-all,mad-tea-party,strings	Concept	videos/carsten-lutzen/CL_376_liberating-structures-with-carsten-lützen.md
mwIY2ceNIqQ	\"Pair Programming Board\" with Carsten Lützen	pair-programming,visualization,transparency,agile,scrum,team-board,matrix	Agile & Product	videos/carsten-lutzen/CL_377_pair-programming-board-with-carsten-lützen.md
aaELoO2twpo	Achievement Posters with Carsten Lützen	achievement-posters,retrospective,positive-energy,celebration,team-success,sprint-review,team-dynamics	Retro Format	videos/carsten-lutzen/CL_378_achievement-posters-with-carsten-lützen.md
jcAJuI-nIdw	Appreciative Postcards" with Carsten Lützen	appreciative-postcards,appreciation,positive-feedback,retrospective,closing-activity,team-dynamics,sprint	Retro Format	videos/carsten-lutzen/CL_379_appreciative-postcards-with-carsten-lützen.md
mzRYACuBYXc	\"Facilitation of Impediment Removal\" with Carsten Lützen	impediment-removal,scrum-master,agile-coach,facilitation,team-empowerment,inside-out,outside-in	Agile & Product	videos/carsten-lutzen/CL_380_facilitation-of-impediment-removal-with-carsten-lützen.md
FilRStMP4Dw	Pillars of Scrum with Carsten Lützen	scrum,empiricism,transparency,inspection,adaptation,scrum-pillars,agile	Concept	videos/carsten-lutzen/CL_381_pillars-of-scrum-with-carsten-lützen.md
NckjX9NDxJ8	\"Unknown Knows\" with Carsten Lützen	known-unknowns,unknown-knowns,johari-window,risk-management,mental-model,knowledge-gaps,product-discovery	Concept	videos/carsten-lutzen/CL_382_unknown-knows-with-carsten-lützen.md
IJc7TpxopBQ	Solution Focused Questions with Carsten Lützen	solution-focused,coaching-questions,agile-coaching,scrum-master,retrospective,backtracking,outcome-focus	Coaching Technique	videos/carsten-lutzen/CL_383_solution-focused-questions-with-carsten-lützen.md
wwE5BL4BIJQ	\"What's Better\" with Carsten Lützen	solution-focused,whats-better,retrospective,coaching,check-in,positive-psychology,1-2-4-all	Coaching Technique	videos/carsten-lutzen/CL_384_whats-better-with-carsten-lützen.md
CX_DRsA61O8	If you were me... with Carsten Lützen	coaching,solution-focused-coaching,systemic-coaching,powerful-questions,coachee,conversation-steering,meta-level	Coaching Technique	videos/carsten-lutzen/CL_385_if-you-were-me-with-carsten-lützen.md
cMzmzNjaTho	Servant Leadership with Carsten Lützen	servant-leadership,agile-coaching,scrum-master,leadership,ego,enabling,team-performance	Concept	videos/carsten-lutzen/CL_386_servant-leadership-with-carsten-lützen.md
g7fnfe8AK7c	Breaking to Build with Carsten Lützen	local-optimum,team-transformation,tuckman-model,high-performing-teams,ways-of-working,working-agreements,developer-empathy	Agile & Product	videos/carsten-lutzen/CL_387_breaking-to-build-with-carsten-lützen.md
X-Iq_0wGhcE	Changing Vocabulary with Carsten Lützen	vocabulary,agile,scrum,sprint,iteration,incremental,language	Concept	videos/carsten-lutzen/CL_388_changing-vocabulary-with-carsten-lützen.md
fx6CGBNHfnM	The Bungie Product Owner with Carsten Lützen	product-owner,bungie-po,anti-pattern,scrum,sprint,availability,product-vision	Agile & Product	videos/carsten-lutzen/CL_389_the-bungie-product-owner-with-carsten-lützen.md
1-Vfz2RQZ_Q	Prototypes with Carsten Lützen	prototyping,paper-prototype,wizard-of-oz,lean-validation,product-development,user-testing,feasibility	Agile & Product	videos/carsten-lutzen/CL_390_prototypes-with-carsten-lützen.md
iBQqUlWQ24c	\"What? So What? Now What?\" with Carsten Lützen	what-so-what-now-what,liberating-structures,debrief,reflection,1-2-4-all,workshop-design,facilitation	Facilitation Method	videos/carsten-lutzen/CL_391_what-so-what-now-what-with-carsten-lützen.md
B4nDrD2HOcs	Retro Scale with Carsten Lützen	retrospective,scaling,oskar-model,solution-focused,team-assessment,15-percent-solutions,post-it	Retro Format	videos/carsten-lutzen/CL_392_retro-scale-with-carsten-lützen.md
V7lzRg4HbOA	Panarchy with Carsten Lützen	panarchy,ecocycle,liberating-structures,systems-thinking,multi-level,workshop-design,team-dynamics	Facilitation Method	videos/carsten-lutzen/CL_393_panarchy-with-carsten-lützen.md
3-r8BDmlUQ8	Customer Letter with Carsten Lützen	customer-letter,product-vision,marty-cagan,inspired,vision-alignment,stakeholder-alignment,product-management	Agile & Product	videos/carsten-lutzen/CL_394_customer-letter-with-carsten-lützen.md
G7HsIbGsaZk	Appreciative Interviews with Carsten Lützen	appreciative-interviews,liberating-structures,1-2-4-all,strengths-based,facilitation,workshop-design,success-stories	Facilitation Method	videos/carsten-lutzen/CL_395_appreciative-interviews-with-carsten-lützen.md
9ONdebXryd8	Stickies Fatigue with Carsten Lützen	stickies-fatigue,retrospective,post-its,walk-and-talk,chaos-cocktail-party,treasure-map,sea-map	Retro Format	videos/carsten-lutzen/CL_396_stickies-fatigue-with-carsten-lützen.md
tia3DsCFGT0	Troika Consulting with Carsten Lützen	troika-consulting,liberating-structures,peer-consulting,problem-solving,feedback,triads,workshop	Facilitation Method	videos/carsten-lutzen/CL_397_troika-consulting-with-carsten-lützen.md
qgDnAH2VDRM	Retrospective Outcomes with Carsten Lützen	retrospective,outcomes,action-items,smart-goals,visual-management,standup,continuous-improvement	Agile & Product	videos/carsten-lutzen/CL_398_retrospective-outcomes-with-carsten-lützen.md
cd-2fXHA1aU	Fun with Carsten Lützen	fun,team-values,psychological-safety,team-dynamics,hygge,motivation,authenticity	Concept	videos/carsten-lutzen/CL_399_fun-with-carsten-lützen.md
0sJyaBWtJdw	Minimum Viable Process with Carsten Lützen	minimum-viable-process,agile,scrum,sprint-goal,retrospective,new-team,onboarding	Agile & Product	videos/carsten-lutzen/CL_400_minimum-viable-process-with-carsten-lützen.md
9-t2KC3dUEo	15 % Solutions with Carsten Lützen	15-percent-solutions,liberating-structures,solution-focused,action-planning,problem-solving,agile-coaching,workshop-design	Facilitation Method	videos/carsten-lutzen/CL_401_15-solutions-with-carsten-lützen.md
_6cCfzPmQuw	Crowdsourcing with Carsten Lützen	crowdsourcing,25-10-crowdsourcing,liberating-structures,ideation,prioritization,anonymous-voting,index-cards	Facilitation Method	videos/carsten-lutzen/CL_402_crowdsourcing-with-carsten-lützen.md
85QNvpuoAvM	Flipchart Tips with Carsten Lützen	flipchart,visual-facilitation,workshop-design,room-setup,facilitation-tools,preparation,powerpoint-alternative	Facilitator Craft	videos/carsten-lutzen/CL_403_flipchart-tips-with-carsten-lützen.md
ia9O6de_tbU	Agile Principles with Carsten Lützen	agile-manifesto,agile-principles,retrospective,ranking-exercise,flipchart,scrum,team-values	Retro Format	videos/carsten-lutzen/CL_404_agile-principles-with-carsten-lützen.md
DOLyehX5Hyw	\"Gamestorm\" Goal Setting with Carsten Lützen	gamestorm,goal-setting,long-term-goals,gamification,dreamers-killers,treasure-map,liberating-structures	Facilitation Method	videos/carsten-lutzen/CL_405_gamestorm-goal-setting-with-carsten-lützen.md
Jv6nepERSTA	4L with Carsten Lützen	4l,retrospective,evaluation,feedback,liked,lacked,longed-for	Retro Format	videos/carsten-lutzen/CL_406_4l-with-carsten-lützen.md
zzQfRklEbQk	Conversation Cafe with Carsten Lützen	conversation-cafe,liberating-structures,talking-stick,structured-dialogue,facilitation,inclusion,group-discussion	Facilitation Method	videos/carsten-lutzen/CL_407_conversation-cafe-with-carsten-lützen.md
SABmj6qglO0	You & Me with Carsten Lützen	retrospective,closing-exercise,appreciation,personal-commitment,thank-you,team-feedback,retromat	Retro Format	videos/carsten-lutzen/CL_408_you-me-with-carsten-lützen.md
ZYKrlwFJwRM	Build Your Own Scrum Master with Carsten Lützen	scrum-master,team-onboarding,expectations,role-clarity,retrospective,workshop,new-team-member	Facilitation Method	videos/carsten-lutzen/CL_409_build-your-own-scrum-master-with-carsten-lützen.md
yGyxmhb1Y74	Ecocyle Planning with Carsten Lützen	ecocycle-planning,liberating-structures,team-reflection,time-allocation,creative-destruction,rigidity-trap,poverty-trap	Facilitation Method	videos/carsten-lutzen/CL_410_ecocyle-planning-with-carsten-lützen.md
Bqcifo0GwtQ	Mad Tea Party with Carsten Lützen	mad-tea-party,icebreaker,liberating-structures,large-group,inner-outer-circle,paired-conversation,energizer	Energizer	videos/carsten-lutzen/CL_411_mad-tea-party-with-carsten-lützen.md
lWOXmuDI0Ok	Focus on Outcomes with Carsten Lützen	outcomes,solution-focused,coaching,impediment-removal,backtracking,conflict-resolution,agile-coaching	Concept	videos/carsten-lutzen/CL_412_focus-on-outcomes-with-carsten-lützen.md
iv-J3mMlCkM	10 Years Ago with Carsten Lützen	icebreaker,retrospective,time-travel,introductions,team-dynamics,energizer,pair-work	Energizer	videos/carsten-lutzen/CL_413_10-years-ago-with-carsten-lützen.md
SVuIugNXN6c	The Retro Wheel with Carsten Lützen	retrospective,starfish,retro-wheel,appreciations,feedback,liberating-structures,1-2-4-all	Retro Format	videos/carsten-lutzen/CL_414_the-retro-wheel-with-carsten-lützen.md
v3Vdx8QOaOA	1-2-4-All with Carsten Lützen	1-2-4-all,liberating-structures,facilitation,retrospective,inclusion,diverge-converge,idea-generation	Facilitation Method	videos/carsten-lutzen/CL_415_1-2-4-all-with-carsten-lützen.md
pTsVqIYQ4G0	One thing I would like from with Carsten Lützen	retrospective,one-question-retro,dot-voting,post-its,facilitation,team-feedback,process-improvement	Retro Format	videos/carsten-lutzen/CL_416_one-thing-i-would-like-from-with-carsten-lützen.md
mkBp6vJLqZg	Shu-Ha-Ri with Carsten Lützen	shu-ha-ri,learning-model,mastery,scrum,agile,skill-development,martial-arts-concept	Concept	videos/carsten-lutzen/CL_417_shu-ha-ri-with-carsten-lützen.md
J2b-a-oHDtI	Mix & Match with Carsten Lützen	agile-transformation,framework-selection,scrum,safe,less,scrum-at-scale,de-scaling	Concept	videos/carsten-lutzen/CL_418_mix-match-with-carsten-lützen.md
OPhyNC8dAIo	Tuckman-Edison with Carsten Lützen	tuckman,tuckman-edison,team-dynamics,team-development,forming-storming-norming-performing,high-performance-teams,stable-teams	Concept	videos/carsten-lutzen/CL_419_tuckman-edison-with-carsten-lützen.md
44EWhGX8X4s	My work exists in order to with Carsten Lützen	liberating-structures,purpose,work-purpose,self-reflection,agile-coaching,scrum-master,team-happiness	Personal	videos/carsten-lutzen/CL_420_my-work-exists-in-order-to-with-carsten-lützen.md
v0JygY1k7kA	3O's with Carsten Lützen	one-on-one,scrum-master,agile-coaching,team-dynamics,psychological-safety,coaching,individual-development	Coaching Technique	videos/carsten-lutzen/CL_421_3os-with-carsten-lützen.md
x9KNIZFNDgo	Space with Carsten Lützen	room-setup,venue-selection,workshop-design,physical-space,facilitation-preparation,layout,retrospective	Facilitator Craft	videos/carsten-lutzen/CL_422_space-with-carsten-lützen.md
DG5x87KdFyI	Retro Planning with Carsten Lützen	retrospective,retrospective-planning,scrum-master,agile-coaching,exercise-selection,observation,team-dynamics	Facilitator Craft	videos/carsten-lutzen/CL_423_retro-planning-with-carsten-lützen.md
PS5FQRelhEI	Undercover Boss with Carsten Lützen	retrospective,outside-in,perspective-taking,retromat,team-reflection,undercover-boss,focus-of-control	Retro Format	videos/carsten-lutzen/CL_424_undercover-boss-with-carsten-lützen.md
nGc583QJPWs	Eye Contact with Carsten Lützen	icebreaker,energizer,eye-contact,seating-pattern,retrospective,circle,nonverbal	Energizer	videos/carsten-lutzen/CL_425_eye-contact-with-carsten-lützen.md
AQN-IndFqRs	Chaos Cocktail Party with Carsten Lützen	chaos-cocktail-party,retrospective,impediments,dot-voting-alternative,prioritization,mingling,energy	Retro Format	videos/carsten-lutzen/CL_426_chaos-cocktail-party-with-carsten-lützen.md
ZxtVqNfezYc	Userstory Mapping with Carsten Lützen	user-story-mapping,product-backlog,mvp,release-planning,brainstorming,user-personas,sprint-planning	Agile & Product	videos/carsten-lutzen/CL_427_userstory-mapping-with-carsten-lützen.md
njKYbmIIt0Y	Backlog Alignment with Carsten Lützen	backlog-refinement,backlog-alignment,product-backlog,scrum,story-mapping,physical-facilitation,prioritization	Agile & Product	videos/carsten-lutzen/CL_428_backlog-alignment-with-carsten-lützen.md
IK1c7SPzDsU	Definition of Ready with Carsten Lützen	definition-of-ready,definition-of-done,working-agreements,scrum,backlog-refinement,acceptance-criteria,sprint-planning	Agile & Product	videos/carsten-lutzen/CL_429_definition-of-ready-with-carsten-lützen.md
gAs1quOGDfU	Figures with Carsten Lützen	visual-facilitation,flipchart,drawing,figures,stick-figures,star-people,groups	Facilitator Craft	videos/carsten-lutzen/CL_430_figures-with-carsten-lützen.md
oLNVuJgWJyw	Parking Lot with Carsten Lützen	parking-lot,facilitation,workshop-management,flipchart,off-topic,meeting-facilitation,reusable-template	Facilitation Method	videos/carsten-lutzen/CL_431_parking-lot-with-carsten-lützen.md
tArotYEzCfs	Law of Two Feet with Carsten Lützen	law-of-two-feet,open-space,unconference,ground-rules,self-organization,facilitation,workshop-design	Facilitation Method	videos/carsten-lutzen/CL_432_law-of-two-feet-with-carsten-lützen.md
xU7h94UakQ8	What's In It For Me with Carsten Lützen	whats-in-it-for-me,expectation-alignment,flipchart,post-its,workshop-opener,facilitation,bingo-rule	Facilitation Method	videos/carsten-lutzen/CL_433_whats-in-it-for-me-with-carsten-lützen.md
HYLgewB1Dkc	Tips for Retrospectives with Carsten Lützen	retrospective,post-its,clustering,bingo,perspective-taking,starfish,learning-matrix	Retro Format	videos/carsten-lutzen/CL_434_tips-for-retrospectives-with-carsten-lützen.md
fgIxO1p6lko	Expectations with Carsten Lützen	expectations,team-alignment,retrospective,icebreaker,peer-feedback,team-contract,scrum-master	Facilitation Method	videos/carsten-lutzen/CL_435_expectations-with-carsten-lützen.md
dO4iu-5krrs	Session Rules with Carsten Lützen	session-rules,psychological-safety,vegas-rule,retrospective,workshop-design,stage-setting,trust	Facilitator Craft	videos/carsten-lutzen/CL_436_session-rules-with-carsten-lützen.md
EBdd798Bt_A	Charts with Carsten Lützen	burn-down-chart,burn-up-chart,sprint-tracking,progress-visualization,scrum,release-planning,metrics	Agile & Product	videos/carsten-lutzen/CL_437_charts-with-carsten-lützen.md
nLjHxiF5MNo	Drawing a Wishlist with Carsten Lützen	visual-facilitation,flip-chart,drawing,wishlist,retrospective,working-agreements,template	Facilitator Craft	videos/carsten-lutzen/CL_438_drawing-a-wishlist-with-carsten-lützen.md
qJbhtRSXmNo	Drawing with Carsten Lützen	visual-facilitation,flipchart,drawing,markers,workshop-design,facilitation-tools,figures	Facilitator Craft	videos/carsten-lutzen/CL_439_drawing-with-carsten-lützen.md
IaW-g5KLX6M	Backlogs with Carsten Lützen	product-backlog,sprint-backlog,sprint-planning,scrum,backlog-management,development-team,product-owner	Agile & Product	videos/carsten-lutzen/CL_440_backlogs-with-carsten-lützen.md
bAZRm9SIoyc	The Miracle Questions with Carsten Lützen	miracle-question,solution-focused-coaching,coaching-questions,1-on-1-coaching,silence,backtracking,problem-solving	Coaching Technique	videos/carsten-lutzen/CL_441_the-miracle-questions-with-carsten-lützen.md
GO0Myc_xQ70	Houston Matrix with Carsten Lützen	houston-matrix,complexity,uncertainty,project-classification,agile-adoption,context-adaptive-agility,todd-little	Concept	videos/carsten-lutzen/CL_442_houston-matrix-with-carsten-lützen.md
a43FVfWYY28	Backlog Items with Carsten Lützen	backlog,user-stories,tasks,spikes,bugs,product-owner,scrum	Agile & Product	videos/carsten-lutzen/CL_443_backlog-items-with-carsten-lützen.md
exjJdiLS8W0	Line of Accountability with Carsten Lützen	accountability,above-the-line,below-the-line,blame-game,ownership,agile-coaching,team-behavior	Concept	videos/carsten-lutzen/CL_444_line-of-accountability-with-carsten-lützen.md
4VGRQxnc_DA	Pyramid of Results with Carsten Lützen	pyramid-of-results,team-culture,beliefs,experiences,culture-change,agile-coaching,change-management	Concept	videos/carsten-lutzen/CL_445_pyramid-of-results-with-carsten-lützen.md
LJ0xBE4YKds	Virtues of a Scrum Master with Carsten Lützen	scrum-master,kanban,transparency,scientific-method,hypothesis,continuous-improvement,agile-coaching	Agile & Product	videos/carsten-lutzen/CL_446_virtues-of-a-scrum-master-with-carsten-lützen.md
Tdg6MyDUmwo	Daily Scrum with Carsten Lützen	daily-scrum,daily-standup,scrum,sprint-goal,facilitation,synchronization,timeboxing	Agile & Product	videos/carsten-lutzen/CL_447_daily-scrum-with-carsten-lützen.md
hl1v-gDXeEc	Positive Retrospective with Carsten Lützen	retrospective,keep-try,solution-focused,positive-feedback,team-dynamics,appreciation,alistair-cockburn	Retro Format	videos/carsten-lutzen/CL_448_positive-retrospective-with-carsten-lützen.md
fRG4PVFVVsM	OSKAR with Carsten Lützen	oskar,solution-focused-coaching,coaching-model,scaling,1-on-1-coaching,know-how,action-planning	Coaching Technique	videos/carsten-lutzen/CL_449_oskar-with-carsten-lützen.md
5Y8f28YxSLk	Market of Skills with Carsten Lützen	market-of-skills,team-building,new-teams,skills-mapping,solution-focused,strengths-based,post-its	Facilitation Method	videos/carsten-lutzen/CL_450_market-of-skills-with-carsten-lützen.md
chp-KybF3Rw	Product Owner with Carsten Lützen	product-owner,scrum,backlog,prioritization,agile,scrum-team,high-performance-team	Agile & Product	videos/carsten-lutzen/CL_451_product-owner-with-carsten-lützen.md
DWS84lHAjnk	What is holding your team together right now?	team-cohesion,solution-focused,uncertainty,retrospective,stability,agile-coaching,team-dynamics	Coaching Technique	videos/carsten-lutzen/CL_452_what-is-holding-your-team-together-right-now.md
qHVHDBCkGTc	Scrum Master by Carsten Lützen	scrum-master,agile-coaching,team-happiness,impediment-removal,scrum-ceremonies,mentoring,teaching	Agile & Product	videos/carsten-lutzen/CL_453_scrum-master-by-carsten-lützen.md
RtOcNVlmmp4	Kanban with Carsten Lützen	kanban,agile,wip-limits,flow,scrum-vs-kanban,work-in-progress,pull-system	Agile & Product	videos/carsten-lutzen/CL_454_kanban-with-carsten-lützen.md
G1We6HubVE8	Themed Sprints with Carsten Lützen	sprint-goal,themed-sprints,scrum,sprint-planning,sprint-review,sprint-backlog,prioritization	Agile & Product	videos/carsten-lutzen/CL_455_themed-sprints-with-carsten-lützen.md
kcR0El8cCYs	Retrospectives with Carsten Lützen	retrospective,starfish,dot-voting,derby-larson,sprint-retrospective,post-its,team-reflection	Retro Format	videos/carsten-lutzen/CL_456_retrospectives-with-carsten-lützen.md
nIFI04usl9o	Sea Map by Carsten Lützen	sea-map,treasure-map,retrospective,visual-facilitation,solution-focused,team-journey,metaphor	Retro Format	videos/carsten-lutzen/CL_457_sea-map-by-carsten-lützen.md
68wDa4KwIWo	Visual Agenda with Carsten Lützen	visual-agenda,kanban,facilitation,transparency,workshop-design,retrospective,physical-facilitation	Facilitator Craft	videos/carsten-lutzen/CL_458_visual-agenda-with-carsten-lützen.md
ePgQmEtgIpY	Refinement Poster Session with Carsten Lützen	refinement,backlog-refinement,poster-session,champion,magic-estimation,scrum,agile	Agile & Product	videos/carsten-lutzen/CL_459_refinement-poster-session-with-carsten-lützen.md
8SjyyQ8o4G4	Magic Estimation with Carsten Lützen	magic-estimation,estimation,fibonacci,silent-estimation,backlog-refinement,planning,scrum	Agile & Product	videos/carsten-lutzen/CL_460_magic-estimation-with-carsten-lützen.md
kaT9mGSnWXE	Simple Ethnography	simple-ethnography,liberating-structures,observation,sense-making,prototyping,user-research,workshop-design	Facilitation Method	videos/carsten-lutzen/CL_461_simple-ethnography.md
3nZKZ2ogUCg	Magic Estimation Part 2 with Carsten Lützen	magic-estimation,backlog-cleanup,backlog-management,refinement,duplicates,silent-estimation,facilitation,prioritization,product-backlog	Agile & Product	videos/carsten-lutzen/CL_462_magic-estimation-part-2-with-carsten-lützen.md
zNQS4V94za4	The facilitation trick hidden inside Troika Consulting	troika-consulting,liberating-structures,facilitation,communication-skills,solution-focused,prioritization,active-listening,coaching,variation,reflection	Facilitation Method	videos/carsten-lutzen/CL_463_the-facilitation-trick-hidden-inside-troika-consulting.md
